species,TreeID,census,e,Cluster,S_t,n,N_t,E_t,dn,de,dN/S,dE/S
316,45520,1,1.0,2,55,6,159,45818.241388888884,0,0.0,-0.05454545454545454,-423.9067575757575
316,45520,2,1.0,2,54,6,156,22503.36972222222,-1,0.0,-0.1111111111111111,857.1209943415638
316,45520,3,1.6900000000000002,2,59,5,150,68787.90341666667,-5,-1.6900000000000002,-0.15254237288135594,-976.4319677966103
316,45520,5,1.2100000000000002,2,54,4,134,25093.04262154195,-4,-1.2100000000000002,-0.3333333333333333,35.39361209792561
316,45521,1,1.0,2,55,6,159,45818.241388888884,0,0.0,-0.05454545454545454,-423.9067575757575
316,45521,2,1.0,2,54,6,156,22503.36972222222,-6,-1.0,-0.1111111111111111,857.1209943415638
316,45560,1,9.0,2,55,6,159,45818.241388888884,0,7.0,-0.05454545454545454,-423.9067575757575
316,45560,2,16.0,2,54,6,156,22503.36972222222,-1,9.0,-0.1111111111111111,857.1209943415638
316,45560,3,25.0,2,59,5,150,68787.90341666667,-2,1.0,-0.15254237288135594,-976.4319677966103
316,45560,4,26.009999999999998,2,56,3,141,11178.417316666668,1,-1.009999999999998,-0.125,248.4754518727729
316,45560,5,25.0,2,54,4,134,25093.04262154195,0,5.0,-0.3333333333333333,35.39361209792561
316,45560,6,30.25,2,51,4,116,27004.297674829933,0,-0.25,-0.11764705882352941,20.473636277844516
316,45560,7,30.25,2,49,4,110,28048.453125000004,1,-1.25,0.16326530612244897,82.31901087047062
316,45563,1,1.0,2,55,6,159,45818.241388888884,0,0.0,-0.05454545454545454,-423.9067575757575
316,45563,2,1.0,2,54,6,156,22503.36972222222,-1,6.0,-0.1111111111111111,857.1209943415638
316,45563,3,7.290000000000001,2,59,5,150,68787.90341666667,-2,0.7099999999999991,-0.15254237288135594,-976.4319677966103
316,45563,4,8.41,2,56,3,141,11178.417316666668,1,0.5899999999999999,-0.125,248.4754518727729
316,45563,5,9.610000000000001,2,54,4,134,25093.04262154195,0,0.3899999999999988,-0.3333333333333333,35.39361209792561
316,45563,6,10.240000000000002,2,51,4,116,27004.297674829933,0,0.759999999999998,-0.11764705882352941,20.473636277844516
316,45563,7,11.559999999999999,2,49,4,110,28048.453125000004,1,0.4400000000000013,0.16326530612244897,82.31901087047062
316,45629,1,1.0,2,55,6,159,45818.241388888884,0,1.0,-0.05454545454545454,-423.9067575757575
316,45629,2,2.25,2,54,6,156,22503.36972222222,-1,4.75,-0.1111111111111111,857.1209943415638
316,45629,3,7.839999999999999,2,59,5,150,68787.90341666667,-2,1.160000000000001,-0.15254237288135594,-976.4319677966103
316,45629,4,9.0,2,56,3,141,11178.417316666668,1,1.0,-0.125,248.4754518727729
316,45629,5,10.240000000000002,2,54,4,134,25093.04262154195,0,0.759999999999998,-0.3333333333333333,35.39361209792561
316,45629,6,11.559999999999999,2,51,4,116,27004.297674829933,0,4.440000000000001,-0.11764705882352941,20.473636277844516
316,45629,7,16.0,2,49,4,110,28048.453125000004,1,2.0,0.16326530612244897,82.31901087047062
316,45666,1,36.0,2,55,6,159,45818.241388888884,-6,-36.0,-0.05454545454545454,-423.9067575757575
316,261796,2,1.0,2,54,6,156,22503.36972222222,-1,2.0,-0.1111111111111111,857.1209943415638
316,261796,3,3.61,2,59,5,150,68787.90341666667,-5,-3.61,-0.15254237288135594,-976.4319677966103
316,363592,6,1.44,2,51,4,116,27004.297674829933,0,-0.43999999999999995,-0.11764705882352941,20.473636277844516
316,363592,7,1.44,2,49,4,110,28048.453125000004,1,0.56,0.16326530612244897,82.31901087047062
1057,45522,1,4.0,3,55,2,159,45818.241388888884,0,0.0,-0.05454545454545454,-423.9067575757575
1057,45522,2,4.0,3,54,2,156,22503.36972222222,0,1.0,-0.1111111111111111,857.1209943415638
1057,45522,3,5.289999999999999,3,59,2,150,68787.90341666667,0,3.710000000000001,-0.15254237288135594,-976.4319677966103
1057,45522,4,9.610000000000001,3,56,2,141,11178.417316666668,0,-0.6100000000000012,-0.125,248.4754518727729
1057,45522,5,9.610000000000001,3,54,2,134,25093.04262154195,-2,-9.610000000000001,-0.3333333333333333,35.39361209792561
1057,45640,1,1.0,3,55,2,159,45818.241388888884,0,0.0,-0.05454545454545454,-423.9067575757575
1057,45640,2,1.0,3,54,2,156,22503.36972222222,0,6.0,-0.1111111111111111,857.1209943415638
1057,45640,3,7.290000000000001,3,59,2,150,68787.90341666667,0,2.709999999999999,-0.15254237288135594,-976.4319677966103
1057,45640,4,10.240000000000002,3,56,2,141,11178.417316666668,0,5.759999999999998,-0.125,248.4754518727729
1057,45640,5,16.0,3,54,2,134,25093.04262154195,-1,5.0,-0.3333333333333333,35.39361209792561
1057,45640,6,21.159999999999997,3,51,1,116,27004.297674829933,0,2.8400000000000034,-0.11764705882352941,20.473636277844516
1057,45640,7,24.010000000000005,3,49,1,110,28048.453125000004,0,3.989999999999995,0.16326530612244897,82.31901087047062
1094,45644,1,1.0,2,55,1,159,45818.241388888884,0,1.0,-0.05454545454545454,-423.9067575757575
1094,45644,2,2.25,2,54,1,156,22503.36972222222,0,1.75,-0.1111111111111111,857.1209943415638
1094,45644,3,4.0,2,59,1,150,68787.90341666667,0,0.0,-0.15254237288135594,-976.4319677966103
1094,45644,4,4.2025,2,56,1,141,11178.417316666668,0,2.7975000000000003,-0.125,248.4754518727729
1094,45644,5,7.290000000000001,2,54,1,134,25093.04262154195,0,2.709999999999999,-0.3333333333333333,35.39361209792561
1094,45644,6,10.240000000000002,2,51,1,116,27004.297674829933,1,-0.240000000000002,-0.11764705882352941,20.473636277844516
1094,45644,7,10.240000000000002,2,49,2,110,28048.453125000004,0,5.759999999999998,0.16326530612244897,82.31901087047062
1094,476187,7,1.0,2,49,2,110,28048.453125000004,0,3.0,0.16326530612244897,82.31901087047062
81,45578,1,7.5625,4,55,1,159,45818.241388888884,0,12.4375,-0.05454545454545454,-423.9067575757575
990,45571,1,30.25,2,55,2,159,45818.241388888884,0,9.75,-0.05454545454545454,-423.9067575757575
990,45571,2,40.96000000000001,2,54,2,156,22503.36972222222,0,-37.96000000000001,-0.1111111111111111,857.1209943415638
990,45571,3,3.24,2,59,2,150,68787.90341666667,0,2.76,-0.15254237288135594,-976.4319677966103
990,45571,4,6.760000000000001,2,56,2,141,11178.417316666668,-2,-6.760000000000001,-0.125,248.4754518727729
990,45589,1,256.0,2,55,2,159,45818.241388888884,0,112.0,-0.05454545454545454,-423.9067575757575
990,45589,2,368.64,2,54,2,156,22503.36972222222,0,241.36,-0.1111111111111111,857.1209943415638
990,45589,3,610.0899999999999,2,59,2,150,68787.90341666667,0,167.91000000000008,-0.15254237288135594,-976.4319677966103
990,45589,4,778.41,2,56,2,141,11178.417316666668,-1,283.59000000000003,-0.125,248.4754518727729
990,45589,5,1062.76,2,54,1,134,25093.04262154195,0,134.24,-0.3333333333333333,35.39361209792561
990,45589,6,1197.16,2,51,1,116,27004.297674829933,0,27.839999999999918,-0.11764705882352941,20.473636277844516
990,45589,7,1225.0,2,49,1,110,28048.453125000004,0,280.0,0.16326530612244897,82.31901087047062
83,45558,1,210.25,4,55,1,159,45818.241388888884,0,2.75,-0.05454545454545454,-423.9067575757575
83,45558,2,213.16,4,54,1,156,22503.36972222222,0,2.8400000000000034,-0.1111111111111111,857.1209943415638
83,45558,3,216.08999999999997,4,59,1,150,68787.90341666667,0,8.910000000000025,-0.15254237288135594,-976.4319677966103
83,45558,4,225.0,4,56,1,141,11178.417316666668,0,0.0,-0.125,248.4754518727729
83,45558,5,225.0,4,54,1,134,25093.04262154195,0,18.0,-0.3333333333333333,35.39361209792561
83,45558,6,243.35999999999999,4,51,1,116,27004.297674829933,0,-0.3599999999999852,-0.11764705882352941,20.473636277844516
83,45558,7,243.35999999999999,4,49,1,110,28048.453125000004,0,-3.359999999999985,0.16326530612244897,82.31901087047062
89,45669,1,22.5625,4,55,1,159,45818.241388888884,0,0.4375,-0.05454545454545454,-423.9067575757575
89,45669,2,23.361111111111118,4,54,1,156,22503.36972222222,0,-0.3611111111111178,-0.1111111111111111,857.1209943415638
89,45669,3,23.361111111111118,4,59,1,150,68787.90341666667,0,-0.3611111111111178,-0.15254237288135594,-976.4319677966103
89,45669,4,23.361111111111118,4,56,1,141,11178.417316666668,0,0.6388888888888822,-0.125,248.4754518727729
89,45669,5,24.66777777777778,4,54,1,134,25093.04262154195,0,-1.6677777777777791,-0.3333333333333333,35.39361209792561
89,45669,6,23.68444444444444,4,51,1,116,27004.297674829933,0,0.3155555555555587,-0.11764705882352941,20.473636277844516
89,45669,7,24.010000000000005,4,49,1,110,28048.453125000004,0,1.9899999999999949,0.16326530612244897,82.31901087047062
1145,45551,1,64.0,4,55,3,159,45818.241388888884,0,11.0,-0.05454545454545454,-423.9067575757575
1145,45551,2,75.68999999999998,4,54,3,156,22503.36972222222,-3,-75.68999999999998,-0.1111111111111111,857.1209943415638
1145,45567,1,66.69444444444446,4,55,3,159,45818.241388888884,0,19.305555555555543,-0.05454545454545454,-423.9067575757575
1145,45567,2,86.49000000000001,4,54,3,156,22503.36972222222,-1,5.509999999999991,-0.1111111111111111,857.1209943415638
1145,45567,3,92.640625,4,59,2,150,68787.90341666667,0,-9.640625,-0.15254237288135594,-976.4319677966103
1145,45567,4,83.17440000000002,4,56,2,141,11178.417316666668,0,-17.17440000000002,-0.125,248.4754518727729
1145,45567,5,66.2596,4,54,2,134,25093.04262154195,0,1.740399999999994,-0.3333333333333333,35.39361209792561
1145,45567,6,68.1804081632653,4,51,2,116,27004.297674829933,0,1.819591836734702,-0.11764705882352941,20.473636277844516
1145,45567,7,70.56,4,49,2,110,28048.453125000004,0,4.439999999999998,0.16326530612244897,82.31901087047062
1145,45667,1,110.25,4,55,3,159,45818.241388888884,0,-42.25,-0.05454545454545454,-423.9067575757575
1145,45667,2,68.0625,4,54,3,156,22503.36972222222,-1,16.9375,-0.1111111111111111,857.1209943415638
1145,45667,3,85.87111111111112,4,59,2,150,68787.90341666667,0,-11.87111111111112,-0.15254237288135594,-976.4319677966103
1145,45667,4,74.390625,4,56,2,141,11178.417316666668,0,-1.390625,-0.125,248.4754518727729
1145,45667,5,73.96,4,54,2,134,25093.04262154195,0,9.040000000000006,-0.3333333333333333,35.39361209792561
1145,45667,6,83.9056,4,51,2,116,27004.297674829933,0,-2.905600000000007,-0.11764705882352941,20.473636277844516
1145,45667,7,81.450625,4,49,2,110,28048.453125000004,0,20.549374999999998,0.16326530612244897,82.31901087047062
1163,45659,1,6.25,4,55,1,159,45818.241388888884,0,-0.25,-0.05454545454545454,-423.9067575757575
825,45557,1,81.0,3,55,1,159,45818.241388888884,0,33.0,-0.05454545454545454,-423.9067575757575
825,45557,2,114.48999999999998,3,54,1,156,22503.36972222222,0,48.51000000000002,-0.1111111111111111,857.1209943415638
825,45557,3,163.84000000000003,3,59,1,150,68787.90341666667,0,10.159999999999968,-0.15254237288135594,-976.4319677966103
827,45628,1,6.25,3,55,1,159,45818.241388888884,0,-0.25,-0.05454545454545454,-423.9067575757575
827,45628,2,6.25,3,54,1,156,22503.36972222222,0,7.75,-0.1111111111111111,857.1209943415638
827,45628,3,14.44,3,59,1,150,68787.90341666667,0,-2.4399999999999995,-0.15254237288135594,-976.4319677966103
827,45628,4,12.96,3,56,1,141,11178.417316666668,0,-0.9600000000000009,-0.125,248.4754518727729
827,45628,5,12.96,3,54,1,134,25093.04262154195,0,-0.9600000000000009,-0.3333333333333333,35.39361209792561
1677,45529,1,4.0,4,55,7,159,45818.241388888884,0,0.0,-0.05454545454545454,-423.9067575757575
1677,45529,2,4.0,4,54,7,156,22503.36972222222,0,3.0,-0.1111111111111111,857.1209943415638
1677,45529,3,7.290000000000001,4,59,7,150,68787.90341666667,0,1.709999999999999,-0.15254237288135594,-976.4319677966103
1677,45529,4,9.610000000000001,4,56,7,141,11178.417316666668,-7,-9.610000000000001,-0.125,248.4754518727729
1677,45613,1,1.0,4,55,7,159,45818.241388888884,0,1.0,-0.05454545454545454,-423.9067575757575
1677,45613,2,2.25,4,54,7,156,22503.36972222222,-7,-2.25,-0.1111111111111111,857.1209943415638
1677,45638,1,1.0,4,55,7,159,45818.241388888884,0,3.0,-0.05454545454545454,-423.9067575757575
1677,45638,2,4.0,4,54,7,156,22503.36972222222,0,8.0,-0.1111111111111111,857.1209943415638
1677,45638,3,12.96,4,59,7,150,68787.90341666667,0,14.04,-0.15254237288135594,-976.4319677966103
1677,45638,4,27.040000000000003,4,56,7,141,11178.417316666668,-2,8.959999999999997,-0.125,248.4754518727729
1677,45638,5,36.0,4,54,5,134,25093.04262154195,0,3.0,-0.3333333333333333,35.39361209792561
1677,45638,6,39.69,4,51,5,116,27004.297674829933,0,0.3100000000000023,-0.11764705882352941,20.473636277844516
1677,45638,7,40.96000000000001,4,49,5,110,28048.453125000004,0,5.039999999999992,0.16326530612244897,82.31901087047062
1677,45643,1,2.25,4,55,7,159,45818.241388888884,0,1.75,-0.05454545454545454,-423.9067575757575
1677,45643,2,4.0,4,54,7,156,22503.36972222222,0,5.0,-0.1111111111111111,857.1209943415638
1677,45643,3,9.610000000000001,4,59,7,150,68787.90341666667,0,1.3899999999999988,-0.15254237288135594,-976.4319677966103
1677,45643,4,11.559999999999999,4,56,7,141,11178.417316666668,-2,4.440000000000001,-0.125,248.4754518727729
1677,45643,5,16.0,4,54,5,134,25093.04262154195,0,15.0,-0.3333333333333333,35.39361209792561
1677,45643,6,31.359999999999996,4,51,5,116,27004.297674829933,0,8.640000000000004,-0.11764705882352941,20.473636277844516
1677,45643,7,40.96000000000001,4,49,5,110,28048.453125000004,0,32.03999999999999,0.16326530612244897,82.31901087047062
1677,45653,1,1.0,4,55,7,159,45818.241388888884,0,0.0,-0.05454545454545454,-423.9067575757575
1677,45653,2,1.0,4,54,7,156,22503.36972222222,0,2.0,-0.1111111111111111,857.1209943415638
1677,45653,3,3.24,4,59,7,150,68787.90341666667,0,1.7599999999999998,-0.15254237288135594,-976.4319677966103
1677,45653,4,5.289999999999999,4,56,7,141,11178.417316666668,-2,0.7100000000000009,-0.125,248.4754518727729
1677,45653,5,6.25,4,54,5,134,25093.04262154195,0,-0.25,-0.3333333333333333,35.39361209792561
1677,45653,6,6.25,4,51,5,116,27004.297674829933,0,-0.25,-0.11764705882352941,20.473636277844516
1677,45653,7,6.25,4,49,5,110,28048.453125000004,0,0.75,0.16326530612244897,82.31901087047062
1677,45661,1,1.0,4,55,7,159,45818.241388888884,0,0.0,-0.05454545454545454,-423.9067575757575
1677,45661,2,1.0,4,54,7,156,22503.36972222222,-7,-1.0,-0.1111111111111111,857.1209943415638
1677,45661,4,3.24,4,56,7,141,11178.417316666668,-2,0.7599999999999998,-0.125,248.4754518727729
1677,45661,5,4.41,4,54,5,134,25093.04262154195,0,2.59,-0.3333333333333333,35.39361209792561
1677,45661,6,7.290000000000001,4,51,5,116,27004.297674829933,0,0.7099999999999991,-0.11764705882352941,20.473636277844516
1677,45661,7,8.41,4,49,5,110,28048.453125000004,0,3.59,0.16326530612244897,82.31901087047062
1677,48441,1,6.25,4,55,7,159,45818.241388888884,0,-0.25,-0.05454545454545454,-423.9067575757575
1677,48441,2,6.25,4,54,7,156,22503.36972222222,0,3.75,-0.1111111111111111,857.1209943415638
1677,48441,3,10.889999999999999,4,59,7,150,68787.90341666667,-7,-10.889999999999999,-0.15254237288135594,-976.4319677966103
1677,298137,3,1.2100000000000002,4,59,7,150,68787.90341666667,0,-0.2100000000000002,-0.15254237288135594,-976.4319677966103
1677,298137,4,1.6900000000000002,4,56,7,141,11178.417316666668,-7,-1.6900000000000002,-0.125,248.4754518727729
1677,298144,3,1.0,4,59,7,150,68787.90341666667,0,0.0,-0.15254237288135594,-976.4319677966103
1677,298144,4,1.0,4,56,7,141,11178.417316666668,-7,-1.0,-0.125,248.4754518727729
1677,340965,5,1.0,4,54,5,134,25093.04262154195,0,0.0,-0.3333333333333333,35.39361209792561
1677,340965,6,1.6900000000000002,4,51,5,116,27004.297674829933,0,-0.6900000000000002,-0.11764705882352941,20.473636277844516
1677,340965,7,1.6900000000000002,4,49,5,110,28048.453125000004,0,4.31,0.16326530612244897,82.31901087047062
828,45555,1,16.0,3,55,1,159,45818.241388888884,0,0.0,-0.05454545454545454,-423.9067575757575
828,45555,4,3.24,3,56,2,141,11178.417316666668,0,-0.2400000000000002,-0.125,248.4754518727729
828,45555,5,3.24,3,54,2,134,25093.04262154195,-1,0.7599999999999998,-0.3333333333333333,35.39361209792561
828,45555,6,4.41,3,51,1,116,27004.297674829933,0,0.5899999999999999,-0.11764705882352941,20.473636277844516
828,45555,7,5.76,3,49,1,110,28048.453125000004,2,7.24,0.16326530612244897,82.31901087047062
828,298148,3,1.9599999999999997,3,59,1,150,68787.90341666667,1,0.04000000000000026,-0.15254237288135594,-976.4319677966103
828,298148,4,2.8899999999999997,3,56,2,141,11178.417316666668,0,4.11,-0.125,248.4754518727729
828,298148,5,7.839999999999999,3,54,2,134,25093.04262154195,-2,-7.839999999999999,-0.3333333333333333,35.39361209792561
135,363594,6,3.61,2,51,1,116,27004.297674829933,0,0.3900000000000001,-0.11764705882352941,20.473636277844516
135,363594,7,4.840000000000001,2,49,1,110,28048.453125000004,0,7.159999999999999,0.16326530612244897,82.31901087047062
1539,45575,1,2.25,4,55,3,159,45818.241388888884,1,0.75,-0.05454545454545454,-423.9067575757575
1539,45575,2,3.0625,4,54,4,156,22503.36972222222,-4,-3.0625,-0.1111111111111111,857.1209943415638
1539,45590,1,1.5625,4,55,3,159,45818.241388888884,1,-0.5625,-0.05454545454545454,-423.9067575757575
1539,45590,2,1.5625,4,54,4,156,22503.36972222222,-1,1.4375,-0.1111111111111111,857.1209943415638
1539,45590,3,3.0625,4,59,3,150,68787.90341666667,0,-0.0625,-0.15254237288135594,-976.4319677966103
1539,45590,4,3.24,4,56,3,141,11178.417316666668,0,-0.2400000000000002,-0.125,248.4754518727729
1539,45590,5,3.24,4,54,3,134,25093.04262154195,0,-0.2400000000000002,-0.3333333333333333,35.39361209792561
1539,45590,6,3.24,4,51,3,116,27004.297674829933,0,0.7599999999999998,-0.11764705882352941,20.473636277844516
1539,45590,7,4.41,4,49,3,110,28048.453125000004,-3,-4.41,0.16326530612244897,82.31901087047062
1539,45596,1,2.25,4,55,3,159,45818.241388888884,1,1.75,-0.05454545454545454,-423.9067575757575
1539,45596,2,4.0,4,54,4,156,22503.36972222222,-1,5.0,-0.1111111111111111,857.1209943415638
1539,45596,3,9.0,4,59,3,150,68787.90341666667,0,0.0,-0.15254237288135594,-976.4319677966103
1539,45596,4,9.0,4,56,3,141,11178.417316666668,0,0.0,-0.125,248.4754518727729
1539,45596,5,9.610000000000001,4,54,3,134,25093.04262154195,0,-0.6100000000000012,-0.3333333333333333,35.39361209792561
1539,45596,6,9.0,4,51,3,116,27004.297674829933,0,0.0,-0.11764705882352941,20.473636277844516
1539,45596,7,9.610000000000001,4,49,3,110,28048.453125000004,-1,0.3899999999999988,0.16326530612244897,82.31901087047062
1539,261805,2,1.0,4,54,4,156,22503.36972222222,-1,0.0,-0.1111111111111111,857.1209943415638
1539,261805,3,1.9599999999999997,4,59,3,150,68787.90341666667,0,-0.9599999999999997,-0.15254237288135594,-976.4319677966103
1539,261805,4,1.6900000000000002,4,56,3,141,11178.417316666668,0,-0.6900000000000002,-0.125,248.4754518727729
1539,261805,5,1.9599999999999997,4,54,3,134,25093.04262154195,0,0.04000000000000026,-0.3333333333333333,35.39361209792561
1539,261805,6,2.1025,4,51,3,116,27004.297674829933,0,-0.10250000000000004,-0.11764705882352941,20.473636277844516
1539,261805,7,2.7224999999999997,4,49,3,110,28048.453125000004,-1,0.2775000000000003,0.16326530612244897,82.31901087047062
483,1619,1,470.89,2,55,1,159,45818.241388888884,0,58.110000000000014,-0.05454545454545454,-423.9067575757575
487,45541,1,7.5625,2,55,2,159,45818.241388888884,0,-0.5625,-0.05454545454545454,-423.9067575757575
487,45541,2,7.5625,2,54,2,156,22503.36972222222,-2,-7.5625,-0.1111111111111111,857.1209943415638
487,45624,1,100.0,2,55,2,159,45818.241388888884,0,34.0,-0.05454545454545454,-423.9067575757575
487,45624,2,134.56,2,54,2,156,22503.36972222222,-1,90.44,-0.1111111111111111,857.1209943415638
487,45624,3,225.0,2,59,1,150,68787.90341666667,0,64.0,-0.15254237288135594,-976.4319677966103
487,45624,4,289.0,2,56,1,141,11178.417316666668,0,17.0,-0.125,248.4754518727729
487,45624,5,306.25,2,54,1,134,25093.04262154195,1,-83.25,-0.3333333333333333,35.39361209792561
487,45624,6,223.50249999999997,2,51,2,116,27004.297674829933,0,85.49750000000003,-0.11764705882352941,20.473636277844516
487,45624,7,309.76000000000005,2,49,2,110,28048.453125000004,0,6.239999999999952,0.16326530612244897,82.31901087047062
487,363591,6,1.2100000000000002,2,51,2,116,27004.297674829933,0,-0.2100000000000002,-0.11764705882352941,20.473636277844516
487,363591,7,1.2100000000000002,2,49,2,110,28048.453125000004,0,-0.2100000000000002,0.16326530612244897,82.31901087047062
1673,298136,3,1.0,4,59,1,150,68787.90341666667,0,0.0,-0.15254237288135594,-976.4319677966103
1673,298136,4,1.0,4,56,1,141,11178.417316666668,0,0.0,-0.125,248.4754518727729
1673,298136,5,1.2100000000000002,4,54,1,134,25093.04262154195,0,-0.2100000000000002,-0.3333333333333333,35.39361209792561
1673,298136,6,1.44,4,51,1,116,27004.297674829933,0,-0.43999999999999995,-0.11764705882352941,20.473636277844516
1673,298136,7,1.44,4,49,1,110,28048.453125000004,0,-0.43999999999999995,0.16326530612244897,82.31901087047062
1659,45599,1,1.0,4,55,3,159,45818.241388888884,1,0.0,-0.05454545454545454,-423.9067575757575
1659,45599,2,1.0,4,54,4,156,22503.36972222222,0,3.0,-0.1111111111111111,857.1209943415638
1659,45599,3,4.41,4,59,4,150,68787.90341666667,0,1.5899999999999999,-0.15254237288135594,-976.4319677966103
1659,45599,4,6.25,4,56,4,141,11178.417316666668,0,1.75,-0.125,248.4754518727729
1659,45599,5,8.41,4,54,4,134,25093.04262154195,0,1.5899999999999999,-0.3333333333333333,35.39361209792561
1659,45599,6,10.240000000000002,4,51,4,116,27004.297674829933,0,1.759999999999998,-0.11764705882352941,20.473636277844516
1659,45599,7,12.25,4,49,4,110,28048.453125000004,1,21.75,0.16326530612244897,82.31901087047062
1659,45607,1,4.0,4,55,3,159,45818.241388888884,1,2.0,-0.05454545454545454,-423.9067575757575
1659,45607,2,6.25,4,54,4,156,22503.36972222222,0,13.75,-0.1111111111111111,857.1209943415638
1659,45607,3,20.25,4,59,4,150,68787.90341666667,0,2.75,-0.15254237288135594,-976.4319677966103
1659,45607,4,23.04,4,56,4,141,11178.417316666668,0,6.960000000000001,-0.125,248.4754518727729
1659,45607,5,30.25,4,54,4,134,25093.04262154195,0,7.75,-0.3333333333333333,35.39361209792561
1659,45607,6,38.440000000000005,4,51,4,116,27004.297674829933,0,7.559999999999995,-0.11764705882352941,20.473636277844516
1659,45607,7,46.239999999999995,4,49,4,110,28048.453125000004,1,32.760000000000005,0.16326530612244897,82.31901087047062
1659,45619,1,2.25,4,55,3,159,45818.241388888884,1,1.75,-0.05454545454545454,-423.9067575757575
1659,45619,2,4.0,4,54,4,156,22503.36972222222,0,5.0,-0.1111111111111111,857.1209943415638
1659,45619,3,9.0,4,59,4,150,68787.90341666667,0,1.0,-0.15254237288135594,-976.4319677966103
1659,45619,4,10.889999999999999,4,56,4,141,11178.417316666668,0,1.1100000000000012,-0.125,248.4754518727729
1659,45619,5,12.96,4,54,4,134,25093.04262154195,0,2.039999999999999,-0.3333333333333333,35.39361209792561
1659,45619,6,15.209999999999999,4,51,4,116,27004.297674829933,0,0.7900000000000009,-0.11764705882352941,20.473636277844516
1659,45619,7,16.0,4,49,4,110,28048.453125000004,1,8.0,0.16326530612244897,82.31901087047062
1659,261795,2,1.0,4,54,4,156,22503.36972222222,0,1.0,-0.1111111111111111,857.1209943415638
1659,261795,3,2.5600000000000005,4,59,4,150,68787.90341666667,0,0.4399999999999995,-0.15254237288135594,-976.4319677966103
1659,261795,4,3.61,4,56,4,141,11178.417316666668,0,0.3900000000000001,-0.125,248.4754518727729
1659,261795,5,4.840000000000001,4,54,4,134,25093.04262154195,0,1.1599999999999993,-0.3333333333333333,35.39361209792561
1659,261795,6,6.25,4,51,4,116,27004.297674829933,0,0.75,-0.11764705882352941,20.473636277844516
1659,261795,7,7.290000000000001,4,49,4,110,28048.453125000004,1,8.709999999999999,0.16326530612244897,82.31901087047062
263,298131,3,1.44,3,59,1,150,68787.90341666667,1,2.56,-0.15254237288135594,-976.4319677966103
263,298131,4,4.840000000000001,3,56,2,141,11178.417316666668,-1,0.15999999999999925,-0.125,248.4754518727729
263,322182,4,1.44,3,56,2,141,11178.417316666668,-2,-1.44,-0.125,248.4754518727729
269,45582,1,72.25,4,55,2,159,45818.241388888884,0,8.75,-0.05454545454545454,-423.9067575757575
269,45582,2,81.0,4,54,2,156,22503.36972222222,2,51.0,-0.1111111111111111,857.1209943415638
269,45582,3,132.25,4,59,4,150,68787.90341666667,0,6.75,-0.15254237288135594,-976.4319677966103
269,45582,4,139.24,4,56,4,141,11178.417316666668,0,-0.2400000000000091,-0.125,248.4754518727729
269,45582,5,139.24,4,54,4,134,25093.04262154195,0,1.759999999999991,-0.3333333333333333,35.39361209792561
269,45582,6,141.61,4,51,4,116,27004.297674829933,-1,2.3899999999999864,-0.11764705882352941,20.473636277844516
269,45582,7,144.0,4,49,3,110,28048.453125000004,-3,-144.0,0.16326530612244897,82.31901087047062
269,45608,1,9.0,4,55,2,159,45818.241388888884,0,3.0,-0.05454545454545454,-423.9067575757575
269,45608,2,12.25,4,54,2,156,22503.36972222222,2,54.75,-0.1111111111111111,857.1209943415638
269,45608,3,67.24,4,59,4,150,68787.90341666667,0,18.760000000000005,-0.15254237288135594,-976.4319677966103
269,45608,4,86.49000000000001,4,56,4,141,11178.417316666668,0,27.50999999999999,-0.125,248.4754518727729
269,45608,5,114.48999999999998,4,54,4,134,25093.04262154195,0,12.51000000000002,-0.3333333333333333,35.39361209792561
269,45608,6,127.69000000000001,4,51,4,116,27004.297674829933,-1,16.309999999999988,-0.11764705882352941,20.473636277844516
269,45608,7,144.0,4,49,3,110,28048.453125000004,-1,-17.0,0.16326530612244897,82.31901087047062
269,298132,3,1.0,4,59,4,150,68787.90341666667,0,4.0,-0.15254237288135594,-976.4319677966103
269,298132,4,5.289999999999999,4,56,4,141,11178.417316666668,0,-0.28999999999999915,-0.125,248.4754518727729
269,298132,5,5.289999999999999,4,54,4,134,25093.04262154195,0,4.710000000000001,-0.3333333333333333,35.39361209792561
269,298132,6,10.240000000000002,4,51,4,116,27004.297674829933,-4,-10.240000000000002,-0.11764705882352941,20.473636277844516
269,298135,3,2.5600000000000005,4,59,4,150,68787.90341666667,0,1.4399999999999995,-0.15254237288135594,-976.4319677966103
269,298135,4,4.0,4,56,4,141,11178.417316666668,0,1.0,-0.125,248.4754518727729
269,298135,5,5.289999999999999,4,54,4,134,25093.04262154195,0,0.7100000000000009,-0.3333333333333333,35.39361209792561
269,298135,6,6.760000000000001,4,51,4,116,27004.297674829933,-1,-0.7600000000000007,-0.11764705882352941,20.473636277844516
269,298135,7,6.760000000000001,4,49,3,110,28048.453125000004,-1,2.2399999999999993,0.16326530612244897,82.31901087047062
320,277569,3,1.0,2,59,1,150,68787.90341666667,0,1.0,-0.15254237288135594,-976.4319677966103
320,277569,4,2.8899999999999997,2,56,1,141,11178.417316666668,0,2.1100000000000003,-0.125,248.4754518727729
320,277569,5,5.76,2,54,1,134,25093.04262154195,0,-0.7599999999999998,-0.3333333333333333,35.39361209792561
320,277569,6,5.76,2,51,1,116,27004.297674829933,0,0.2400000000000002,-0.11764705882352941,20.473636277844516
320,277569,7,6.25,2,49,1,110,28048.453125000004,0,-5.25,0.16326530612244897,82.31901087047062
1162,45577,1,9.0,2,55,2,159,45818.241388888884,0,3.0,-0.05454545454545454,-423.9067575757575
1162,45577,2,12.25,2,54,2,156,22503.36972222222,0,-2.25,-0.1111111111111111,857.1209943415638
1162,45577,3,10.889999999999999,2,59,2,150,68787.90341666667,-2,-10.889999999999999,-0.15254237288135594,-976.4319677966103
1162,45605,1,182.25,2,55,2,159,45818.241388888884,0,13.75,-0.05454545454545454,-423.9067575757575
1162,45605,2,196.0,2,54,2,156,22503.36972222222,0,35.0,-0.1111111111111111,857.1209943415638
1162,45605,3,231.04,2,59,2,150,68787.90341666667,-1,36.96000000000001,-0.15254237288135594,-976.4319677966103
1162,45605,4,268.96,2,56,1,141,11178.417316666668,0,20.04000000000002,-0.125,248.4754518727729
1162,45605,5,289.0,2,54,1,134,25093.04262154195,0,17.0,-0.3333333333333333,35.39361209792561
1162,45605,6,306.25,2,51,1,116,27004.297674829933,0,2.75,-0.11764705882352941,20.473636277844516
1162,45605,7,309.76000000000005,2,49,1,110,28048.453125000004,0,-0.7600000000000477,0.16326530612244897,82.31901087047062
6,45533,1,9.0,1,55,8,159,45818.241388888884,-2,0.0,-0.05454545454545454,-423.9067575757575
6,45533,2,9.0,1,54,6,156,22503.36972222222,0,-8.0,-0.1111111111111111,857.1209943415638
6,45533,3,1.2996000000000003,1,59,6,150,68787.90341666667,-6,-1.2996000000000003,-0.15254237288135594,-976.4319677966103
6,45535,1,5.0625,1,55,8,159,45818.241388888884,-2,1.9375,-0.05454545454545454,-423.9067575757575
6,45535,2,7.5625,1,54,6,156,22503.36972222222,0,-6.5625,-0.1111111111111111,857.1209943415638
6,45535,3,1.0,1,59,6,150,68787.90341666667,-6,-1.0,-0.15254237288135594,-976.4319677966103
6,45536,1,2.25,1,55,8,159,45818.241388888884,-8,-2.25,-0.05454545454545454,-423.9067575757575
6,45547,1,3.4225000000000003,1,55,8,159,45818.241388888884,-2,1.5774999999999997,-0.05454545454545454,-423.9067575757575
6,45547,2,5.0625,1,54,6,156,22503.36972222222,0,18.9375,-0.1111111111111111,857.1209943415638
6,45547,3,24.5025,1,59,6,150,68787.90341666667,-6,-24.5025,-0.15254237288135594,-976.4319677966103
6,45585,1,5.444444444444443,1,55,8,159,45818.241388888884,-2,6.555555555555557,-0.05454545454545454,-423.9067575757575
6,45585,2,12.25,1,54,6,156,22503.36972222222,-6,-12.25,-0.1111111111111111,857.1209943415638
6,45587,1,9.0,1,55,8,159,45818.241388888884,-2,3.0,-0.05454545454545454,-423.9067575757575
6,45587,2,12.25,1,54,6,156,22503.36972222222,-6,-12.25,-0.1111111111111111,857.1209943415638
6,45592,1,1.0,1,55,8,159,45818.241388888884,-8,-1.0,-0.05454545454545454,-423.9067575757575
6,45598,1,1.0,1,55,8,159,45818.241388888884,-2,0.0,-0.05454545454545454,-423.9067575757575
6,45598,2,1.0,1,54,6,156,22503.36972222222,0,0.0,-0.1111111111111111,857.1209943415638
6,45598,3,1.9599999999999997,1,59,6,150,68787.90341666667,-4,-0.9599999999999997,-0.15254237288135594,-976.4319677966103
6,45598,4,1.890625,1,56,2,141,11178.417316666668,0,1.109375,-0.125,248.4754518727729
6,45598,5,3.61,1,54,2,134,25093.04262154195,-1,1.3900000000000001,-0.3333333333333333,35.39361209792561
6,45598,6,5.289999999999999,1,51,1,116,27004.297674829933,0,-2.289999999999999,-0.11764705882352941,20.473636277844516
6,45598,7,3.0625,1,49,1,110,28048.453125000004,3,6.9375,0.16326530612244897,82.31901087047062
6,298126,3,1.3224999999999998,1,59,6,150,68787.90341666667,-6,-1.3224999999999998,-0.15254237288135594,-976.4319677966103
6,298127,3,1.6900000000000002,1,59,6,150,68787.90341666667,-6,-1.6900000000000002,-0.15254237288135594,-976.4319677966103
6,322174,4,3.61,1,56,2,141,11178.417316666668,0,-1.6099999999999999,-0.125,248.4754518727729
6,322174,5,2.4025000000000003,1,54,2,134,25093.04262154195,-2,-2.4025000000000003,-0.3333333333333333,35.39361209792561
511,45564,1,4.0,3,55,2,159,45818.241388888884,0,2.0,-0.05454545454545454,-423.9067575757575
511,45564,2,6.25,3,54,2,156,22503.36972222222,0,24.75,-0.1111111111111111,857.1209943415638
511,45564,3,31.359999999999996,3,59,2,150,68787.90341666667,0,43.64,-0.15254237288135594,-976.4319677966103
511,45564,4,75.68999999999998,3,56,2,141,11178.417316666668,-1,90.31000000000002,-0.125,248.4754518727729
511,45564,5,166.41,3,54,1,134,25093.04262154195,0,205.59,-0.3333333333333333,35.39361209792561
511,45564,6,372.49,3,51,1,116,27004.297674829933,0,193.51,-0.11764705882352941,20.473636277844516
511,45564,7,566.44,3,49,1,110,28048.453125000004,0,43.559999999999945,0.16326530612244897,82.31901087047062
511,45756,1,2.25,3,55,2,159,45818.241388888884,0,-0.25,-0.05454545454545454,-423.9067575757575
511,45756,2,2.25,3,54,2,156,22503.36972222222,-2,-2.25,-0.1111111111111111,857.1209943415638
511,298129,3,4.41,3,59,2,150,68787.90341666667,0,1.5899999999999999,-0.15254237288135594,-976.4319677966103
511,298129,4,6.760000000000001,3,56,2,141,11178.417316666668,-2,-6.760000000000001,-0.125,248.4754518727729
521,45630,1,25.0,3,55,1,159,45818.241388888884,0,12.0,-0.05454545454545454,-423.9067575757575
521,45630,2,37.209999999999994,3,54,1,156,22503.36972222222,0,62.790000000000006,-0.1111111111111111,857.1209943415638
521,45630,3,100.0,3,59,1,150,68787.90341666667,0,36.0,-0.15254237288135594,-976.4319677966103
521,45630,4,136.89,3,56,1,141,11178.417316666668,0,11.110000000000014,-0.125,248.4754518727729
521,45630,5,148.83999999999997,3,54,1,134,25093.04262154195,0,9.160000000000025,-0.3333333333333333,35.39361209792561
521,45630,6,158.76,3,51,1,116,27004.297674829933,0,-0.7599999999999909,-0.11764705882352941,20.473636277844516
521,45630,7,158.76,3,49,1,110,28048.453125000004,0,2.240000000000009,0.16326530612244897,82.31901087047062
1548,298138,3,1.6900000000000002,4,59,1,150,68787.90341666667,1,-0.6900000000000002,-0.15254237288135594,-976.4319677966103
1548,298138,4,1.44,4,56,2,141,11178.417316666668,0,-0.43999999999999995,-0.125,248.4754518727729
1548,298138,5,1.9599999999999997,4,54,2,134,25093.04262154195,-2,-1.9599999999999997,-0.3333333333333333,35.39361209792561
1548,322180,4,3.61,4,56,2,141,11178.417316666668,0,-0.6099999999999999,-0.125,248.4754518727729
1548,322180,5,3.61,4,54,2,134,25093.04262154195,-1,0.3900000000000001,-0.3333333333333333,35.39361209792561
1548,322180,6,4.840000000000001,4,51,1,116,27004.297674829933,0,-0.8400000000000007,-0.11764705882352941,20.473636277844516
1548,322180,7,4.840000000000001,4,49,1,110,28048.453125000004,0,0.15999999999999925,0.16326530612244897,82.31901087047062
1161,322179,4,1.0,1,56,1,141,11178.417316666668,0,2.0,-0.125,248.4754518727729
980,1,1,81.0,4,55,2,159,45818.241388888884,1,7.0,-0.05454545454545454,-423.9067575757575
980,1,2,88.36000000000001,4,54,3,156,22503.36972222222,-3,-88.36000000000001,-0.1111111111111111,857.1209943415638
980,45591,1,182.25,4,55,2,159,45818.241388888884,1,13.75,-0.05454545454545454,-423.9067575757575
980,45591,2,196.0,4,54,3,156,22503.36972222222,-1,29.0,-0.1111111111111111,857.1209943415638
980,45591,3,225.0,4,59,2,150,68787.90341666667,0,6.0,-0.15254237288135594,-976.4319677966103
980,45591,4,231.04,4,56,2,141,11178.417316666668,0,-0.03999999999999204,-0.125,248.4754518727729
980,45591,5,231.04,4,54,2,134,25093.04262154195,0,5.960000000000008,-0.3333333333333333,35.39361209792561
980,45591,6,237.16000000000003,4,51,2,116,27004.297674829933,0,-0.160000000000025,-0.11764705882352941,20.473636277844516
980,45591,7,237.16000000000003,4,49,2,110,28048.453125000004,-1,11.839999999999975,0.16326530612244897,82.31901087047062
980,261804,2,1.0,4,54,3,156,22503.36972222222,-1,0.0,-0.1111111111111111,857.1209943415638
980,261804,3,1.9599999999999997,4,59,2,150,68787.90341666667,0,-0.9599999999999997,-0.15254237288135594,-976.4319677966103
980,261804,4,1.9599999999999997,4,56,2,141,11178.417316666668,0,0.04000000000000026,-0.125,248.4754518727729
980,261804,5,2.25,4,54,2,134,25093.04262154195,0,-0.25,-0.3333333333333333,35.39361209792561
980,261804,6,2.25,4,51,2,116,27004.297674829933,0,1.75,-0.11764705882352941,20.473636277844516
980,261804,7,4.0,4,49,2,110,28048.453125000004,-2,-4.0,0.16326530612244897,82.31901087047062
1550,45604,1,6.25,4,55,2,159,45818.241388888884,-1,-0.25,-0.05454545454545454,-423.9067575757575
1550,45604,2,6.25,4,54,1,156,22503.36972222222,1,3.75,-0.1111111111111111,857.1209943415638
1550,45604,3,10.240000000000002,4,59,2,150,68787.90341666667,1,2.759999999999998,-0.15254237288135594,-976.4319677966103
1550,45604,4,13.690000000000001,4,56,3,141,11178.417316666668,1,2.3099999999999987,-0.125,248.4754518727729
1550,45604,5,16.81,4,54,4,134,25093.04262154195,-4,-16.81,-0.3333333333333333,35.39361209792561
1550,45647,1,9.0,4,55,2,159,45818.241388888884,-2,-9.0,-0.05454545454545454,-423.9067575757575
1550,298145,3,7.839999999999999,4,59,2,150,68787.90341666667,1,-0.839999999999999,-0.15254237288135594,-976.4319677966103
1550,298145,4,7.839999999999999,4,56,3,141,11178.417316666668,1,2.160000000000001,-0.125,248.4754518727729
1550,298145,5,10.240000000000002,4,54,4,134,25093.04262154195,0,1.759999999999998,-0.3333333333333333,35.39361209792561
1550,298145,6,12.25,4,51,4,116,27004.297674829933,0,0.75,-0.11764705882352941,20.473636277844516
1550,298145,7,13.690000000000001,4,49,4,110,28048.453125000004,0,6.309999999999999,0.16326530612244897,82.31901087047062
1550,322176,4,1.6900000000000002,4,56,3,141,11178.417316666668,1,0.30999999999999983,-0.125,248.4754518727729
1550,322176,5,2.5600000000000005,4,54,4,134,25093.04262154195,0,-0.5600000000000005,-0.3333333333333333,35.39361209792561
1550,322176,6,2.5600000000000005,4,51,4,116,27004.297674829933,0,-0.5600000000000005,-0.11764705882352941,20.473636277844516
1550,322176,7,2.5600000000000005,4,49,4,110,28048.453125000004,0,2.4399999999999995,0.16326530612244897,82.31901087047062
1550,334894,5,1.0,4,54,4,134,25093.04262154195,0,0.0,-0.3333333333333333,35.39361209792561
1550,334894,6,1.9599999999999997,4,51,4,116,27004.297674829933,0,0.04000000000000026,-0.11764705882352941,20.473636277844516
1550,334894,7,2.5600000000000005,4,49,4,110,28048.453125000004,0,-0.5600000000000005,0.16326530612244897,82.31901087047062
1550,363593,6,1.2100000000000002,4,51,4,116,27004.297674829933,0,-0.2100000000000002,-0.11764705882352941,20.473636277844516
1550,363593,7,1.44,4,49,4,110,28048.453125000004,-4,-1.44,0.16326530612244897,82.31901087047062
548,322175,4,1.2100000000000002,2,56,1,141,11178.417316666668,0,-0.2100000000000002,-0.125,248.4754518727729
548,322175,5,1.44,2,54,1,134,25093.04262154195,0,-0.43999999999999995,-0.3333333333333333,35.39361209792561
548,322175,6,1.9599999999999997,2,51,1,116,27004.297674829933,0,0.04000000000000026,-0.11764705882352941,20.473636277844516
548,322175,7,2.5600000000000005,2,49,1,110,28048.453125000004,1,3.4399999999999995,0.16326530612244897,82.31901087047062
1545,45528,1,64.0,2,55,2,159,45818.241388888884,0,89.0,-0.05454545454545454,-423.9067575757575
1545,45528,2,153.76000000000002,2,54,2,156,22503.36972222222,-1,62.23999999999998,-0.1111111111111111,857.1209943415638
1545,45528,3,216.08999999999997,2,59,1,150,68787.90341666667,0,-178.08999999999997,-0.15254237288135594,-976.4319677966103
1545,45528,4,38.85444444444445,2,56,1,141,11178.417316666668,0,4.145555555555553,-0.125,248.4754518727729
1545,45528,5,43.12111111111112,2,54,1,134,25093.04262154195,0,212.87888888888887,-0.3333333333333333,35.39361209792561
1545,45528,6,256.0,2,51,1,116,27004.297674829933,0,0.0,-0.11764705882352941,20.473636277844516
1545,45528,7,256.0,2,49,1,110,28048.453125000004,0,33.0,0.16326530612244897,82.31901087047062
1545,45632,1,2.25,2,55,2,159,45818.241388888884,0,-0.25,-0.05454545454545454,-423.9067575757575
1545,45632,2,2.25,2,54,2,156,22503.36972222222,-2,-2.25,-0.1111111111111111,857.1209943415638
686,45576,3,10.889999999999999,3,59,1,150,68787.90341666667,0,8.110000000000001,-0.15254237288135594,-976.4319677966103
686,45576,4,19.360000000000003,3,56,1,141,11178.417316666668,0,8.639999999999997,-0.125,248.4754518727729
1111,1617,1,492.84,3,55,1,159,45818.241388888884,0,49.160000000000025,-0.05454545454545454,-423.9067575757575
1111,1617,2,542.89,3,54,1,156,22503.36972222222,0,9.110000000000014,-0.1111111111111111,857.1209943415638
1111,1617,3,552.25,3,59,1,150,68787.90341666667,0,-0.25,-0.15254237288135594,-976.4319677966103
1111,1617,4,552.25,3,56,1,141,11178.417316666668,0,57.75,-0.125,248.4754518727729
1111,1617,5,610.0899999999999,3,54,1,134,25093.04262154195,0,374.9100000000001,-0.3333333333333333,35.39361209792561
1111,1617,6,985.9599999999999,3,51,1,116,27004.297674829933,0,371.0400000000001,-0.11764705882352941,20.473636277844516
1111,1617,7,1357.9225000000001,3,49,1,110,28048.453125000004,0,542.0774999999999,0.16326530612244897,82.31901087047062
478,45614,1,6.25,3,55,2,159,45818.241388888884,0,-0.25,-0.05454545454545454,-423.9067575757575
478,45614,2,6.25,3,54,2,156,22503.36972222222,-2,-6.25,-0.1111111111111111,857.1209943415638
478,45622,1,1.0,3,55,2,159,45818.241388888884,0,0.0,-0.05454545454545454,-423.9067575757575
478,45622,2,1.0,3,54,2,156,22503.36972222222,0,0.0,-0.1111111111111111,857.1209943415638
478,45622,3,1.9599999999999997,3,59,2,150,68787.90341666667,0,0.04000000000000026,-0.15254237288135594,-976.4319677966103
478,45622,4,2.25,3,56,2,141,11178.417316666668,0,-0.25,-0.125,248.4754518727729
478,45622,5,2.5600000000000005,3,54,2,134,25093.04262154195,0,0.4399999999999995,-0.3333333333333333,35.39361209792561
478,45622,6,3.24,3,51,2,116,27004.297674829933,0,-1.2400000000000002,-0.11764705882352941,20.473636277844516
478,45622,7,2.8899999999999997,3,49,2,110,28048.453125000004,-1,1.1100000000000003,0.16326530612244897,82.31901087047062
478,298122,3,1.6900000000000002,3,59,2,150,68787.90341666667,0,-0.6900000000000002,-0.15254237288135594,-976.4319677966103
478,298122,4,1.9599999999999997,3,56,2,141,11178.417316666668,0,0.04000000000000026,-0.125,248.4754518727729
478,298122,5,2.5600000000000005,3,54,2,134,25093.04262154195,0,0.4399999999999995,-0.3333333333333333,35.39361209792561
478,298122,6,3.24,3,51,2,116,27004.297674829933,0,0.7599999999999998,-0.11764705882352941,20.473636277844516
478,298122,7,4.41,3,49,2,110,28048.453125000004,-2,-4.41,0.16326530612244897,82.31901087047062
871,45534,1,100.0,3,55,2,159,45818.241388888884,0,25.0,-0.05454545454545454,-423.9067575757575
871,45574,1,6.25,3,55,2,159,45818.241388888884,0,-0.25,-0.05454545454545454,-423.9067575757575
255,334896,5,1.0,1,54,1,134,25093.04262154195,0,0.0,-0.3333333333333333,35.39361209792561
255,334896,6,1.9599999999999997,1,51,1,116,27004.297674829933,0,-0.9599999999999997,-0.11764705882352941,20.473636277844516
671,45526,1,9.0,2,55,4,159,45818.241388888884,0,3.0,-0.05454545454545454,-423.9067575757575
671,45526,2,12.25,2,54,4,156,22503.36972222222,-4,-12.25,-0.1111111111111111,857.1209943415638
671,45530,1,4.0,2,55,4,159,45818.241388888884,-4,-4.0,-0.05454545454545454,-423.9067575757575
671,45544,1,2.25,2,55,4,159,45818.241388888884,0,-0.25,-0.05454545454545454,-423.9067575757575
671,45544,2,2.25,2,54,4,156,22503.36972222222,-4,-2.25,-0.1111111111111111,857.1209943415638
671,45581,1,1.0,2,55,4,159,45818.241388888884,0,0.0,-0.05454545454545454,-423.9067575757575
671,45581,2,1.0,2,54,4,156,22503.36972222222,-2,3.0,-0.1111111111111111,857.1209943415638
671,45581,3,4.0,2,59,2,150,68787.90341666667,1,1.0,-0.15254237288135594,-976.4319677966103
671,45581,4,5.76,2,56,3,141,11178.417316666668,0,0.2400000000000002,-0.125,248.4754518727729
671,45581,5,6.25,2,54,3,134,25093.04262154195,0,-0.25,-0.3333333333333333,35.39361209792561
671,45581,6,6.760000000000001,2,51,3,116,27004.297674829933,0,0.23999999999999932,-0.11764705882352941,20.473636277844516
671,45581,7,7.290000000000001,2,49,3,110,28048.453125000004,0,1.709999999999999,0.16326530612244897,82.31901087047062
671,261798,2,1.0,2,54,4,156,22503.36972222222,-2,3.0,-0.1111111111111111,857.1209943415638
671,261798,3,4.0,2,59,2,150,68787.90341666667,1,2.0,-0.15254237288135594,-976.4319677966103
671,261798,4,6.25,2,56,3,141,11178.417316666668,-3,-6.25,-0.125,248.4754518727729
671,322178,4,1.44,2,56,3,141,11178.417316666668,0,0.56,-0.125,248.4754518727729
671,322178,5,2.25,2,54,3,134,25093.04262154195,0,-0.25,-0.3333333333333333,35.39361209792561
671,322178,6,2.25,2,51,3,116,27004.297674829933,0,-0.25,-0.11764705882352941,20.473636277844516
671,322178,7,2.5600000000000005,2,49,3,110,28048.453125000004,0,-0.5600000000000005,0.16326530612244897,82.31901087047062
671,340964,5,1.0,2,54,3,134,25093.04262154195,0,0.0,-0.3333333333333333,35.39361209792561
671,340964,6,1.6900000000000002,2,51,3,116,27004.297674829933,0,0.30999999999999983,-0.11764705882352941,20.473636277844516
671,340964,7,2.5600000000000005,2,49,3,110,28048.453125000004,0,2.4399999999999995,0.16326530612244897,82.31901087047062
435,45620,1,12.25,3,55,1,159,45818.241388888884,0,3.75,-0.05454545454545454,-423.9067575757575
435,45620,2,16.0,3,54,1,156,22503.36972222222,0,11.0,-0.1111111111111111,857.1209943415638
435,45620,3,27.040000000000003,3,59,1,150,68787.90341666667,0,2.9599999999999973,-0.15254237288135594,-976.4319677966103
435,45620,4,30.25,3,56,1,141,11178.417316666668,0,1.75,-0.125,248.4754518727729
435,45620,5,32.49,3,54,1,134,25093.04262154195,0,-1.490000000000002,-0.3333333333333333,35.39361209792561
1169,1616,1,1361.61,2,55,4,159,45818.241388888884,0,74.3900000000001,-0.05454545454545454,-423.9067575757575
1169,1616,2,1436.4099999999999,2,54,4,156,22503.36972222222,-4,-1436.4099999999999,-0.1111111111111111,857.1209943415638
1169,45554,1,2.25,2,55,4,159,45818.241388888884,0,-0.25,-0.05454545454545454,-423.9067575757575
1169,45554,2,2.25,2,54,4,156,22503.36972222222,-4,-2.25,-0.1111111111111111,857.1209943415638
1169,45623,1,49.0,2,55,4,159,45818.241388888884,0,2.0,-0.05454545454545454,-423.9067575757575
1169,45623,2,51.84,2,54,4,156,22503.36972222222,0,12.159999999999997,-0.1111111111111111,857.1209943415638
1169,45623,3,64.0,2,59,4,150,68787.90341666667,0,9.0,-0.15254237288135594,-976.4319677966103
1169,45623,4,73.96,2,56,4,141,11178.417316666668,1,1.0400000000000063,-0.125,248.4754518727729
1169,45623,5,75.68999999999998,2,54,5,134,25093.04262154195,0,5.3100000000000165,-0.3333333333333333,35.39361209792561
1169,45623,6,81.0,2,51,5,116,27004.297674829933,-1,3.0,-0.11764705882352941,20.473636277844516
1169,45623,7,84.63999999999999,2,49,4,110,28048.453125000004,1,-0.6399999999999864,0.16326530612244897,82.31901087047062
1169,45658,1,4.0,2,55,4,159,45818.241388888884,0,2.0,-0.05454545454545454,-423.9067575757575
1169,45658,2,6.25,2,54,4,156,22503.36972222222,0,-4.25,-0.1111111111111111,857.1209943415638
1169,45658,3,2.5600000000000005,2,59,4,150,68787.90341666667,0,6.4399999999999995,-0.15254237288135594,-976.4319677966103
1169,45658,4,9.0,2,56,4,141,11178.417316666668,1,0.0,-0.125,248.4754518727729
1169,45658,5,9.0,2,54,5,134,25093.04262154195,0,-1.0,-0.3333333333333333,35.39361209792561
1169,45658,6,8.41,2,51,5,116,27004.297674829933,-5,-8.41,-0.11764705882352941,20.473636277844516
1169,298130,3,1.9599999999999997,2,59,4,150,68787.90341666667,0,0.04000000000000026,-0.15254237288135594,-976.4319677966103
1169,298130,4,2.25,2,56,4,141,11178.417316666668,1,-0.25,-0.125,248.4754518727729
1169,298130,5,2.5600000000000005,2,54,5,134,25093.04262154195,0,-0.5600000000000005,-0.3333333333333333,35.39361209792561
1169,298130,6,2.8899999999999997,2,51,5,116,27004.297674829933,-1,1.1100000000000003,-0.11764705882352941,20.473636277844516
1169,298130,7,4.0,2,49,4,110,28048.453125000004,1,0.0,0.16326530612244897,82.31901087047062
1169,298143,3,2.8899999999999997,2,59,4,150,68787.90341666667,0,1.1100000000000003,-0.15254237288135594,-976.4319677966103
1169,298143,4,4.41,2,56,4,141,11178.417316666668,1,2.59,-0.125,248.4754518727729
1169,298143,5,7.839999999999999,2,54,5,134,25093.04262154195,0,5.160000000000001,-0.3333333333333333,35.39361209792561
1169,298143,6,13.690000000000001,2,51,5,116,27004.297674829933,-1,0.3099999999999987,-0.11764705882352941,20.473636277844516
1169,298143,7,14.44,2,49,4,110,28048.453125000004,1,4.5600000000000005,0.16326530612244897,82.31901087047062
1169,322183,5,2.5600000000000005,2,54,5,134,25093.04262154195,0,-0.5600000000000005,-0.3333333333333333,35.39361209792561
1169,322183,6,2.5600000000000005,2,51,5,116,27004.297674829933,-1,-0.5600000000000005,-0.11764705882352941,20.473636277844516
1169,322183,7,2.8899999999999997,2,49,4,110,28048.453125000004,1,-0.8899999999999997,0.16326530612244897,82.31901087047062
1661,1615,1,40000.0,4,55,1,159,45818.241388888884,0,-24124.0,-0.05454545454545454,-423.9067575757575
1661,1615,2,15876.0,4,54,1,156,22503.36972222222,0,47401.0,-0.1111111111111111,857.1209943415638
1661,1615,3,63277.402500000004,4,59,1,150,68787.90341666667,0,-57999.402500000004,-0.15254237288135594,-976.4319677966103
1661,1615,4,5278.022500000001,4,56,1,141,11178.417316666668,0,13325.977499999999,-0.125,248.4754518727729
1661,1615,5,18604.960000000003,4,54,1,134,25093.04262154195,0,660.0399999999972,-0.3333333333333333,35.39361209792561
1661,1615,6,19265.440000000002,4,51,1,116,27004.297674829933,0,306.5599999999977,-0.11764705882352941,20.473636277844516
1661,1615,7,19572.010000000002,4,49,1,110,28048.453125000004,0,3167.989999999998,0.16326530612244897,82.31901087047062
958,45611,1,9.0,1,55,2,159,45818.241388888884,0,0.0,-0.05454545454545454,-423.9067575757575
958,45611,2,9.0,1,54,2,156,22503.36972222222,0,6.0,-0.1111111111111111,857.1209943415638
958,45611,3,15.209999999999999,1,59,2,150,68787.90341666667,0,-6.209999999999999,-0.15254237288135594,-976.4319677966103
958,45611,4,9.9225,1,56,2,141,11178.417316666668,0,9.0775,-0.125,248.4754518727729
958,45611,5,19.360000000000003,1,54,2,134,25093.04262154195,-1,-0.360000000000003,-0.3333333333333333,35.39361209792561
958,45611,6,19.360000000000003,1,51,1,116,27004.297674829933,0,-0.360000000000003,-0.11764705882352941,20.473636277844516
958,45611,7,19.360000000000003,1,49,1,110,28048.453125000004,0,5.639999999999997,0.16326530612244897,82.31901087047062
958,45656,1,1.0,1,55,2,159,45818.241388888884,0,1.0,-0.05454545454545454,-423.9067575757575
958,45656,2,2.25,1,54,2,156,22503.36972222222,0,0.75,-0.1111111111111111,857.1209943415638
958,45656,3,3.61,1,59,2,150,68787.90341666667,0,0.3900000000000001,-0.15254237288135594,-976.4319677966103
958,45656,4,4.41,1,56,2,141,11178.417316666668,0,1.5899999999999999,-0.125,248.4754518727729
958,45656,5,6.002500000000001,1,54,2,134,25093.04262154195,-2,-6.002500000000001,-0.3333333333333333,35.39361209792561
1040,45570,1,4.0,2,55,1,159,45818.241388888884,0,0.0,-0.05454545454545454,-423.9067575757575
1040,45570,2,4.0,2,54,1,156,22503.36972222222,0,1.0,-0.1111111111111111,857.1209943415638
1040,45570,3,5.289999999999999,2,59,1,150,68787.90341666667,0,-0.28999999999999915,-0.15254237288135594,-976.4319677966103
1040,45570,4,5.76,2,56,1,141,11178.417316666668,0,-0.7599999999999998,-0.125,248.4754518727729
1040,45570,5,5.76,2,54,1,134,25093.04262154195,0,0.2400000000000002,-0.3333333333333333,35.39361209792561
1040,45570,6,6.25,2,51,1,116,27004.297674829933,0,-0.25,-0.11764705882352941,20.473636277844516
1040,45570,7,6.25,2,49,1,110,28048.453125000004,0,-0.25,0.16326530612244897,82.31901087047062
358,1618,1,388.09,2,55,1,159,45818.241388888884,0,73.91000000000003,-0.05454545454545454,-423.9067575757575
358,1618,2,462.25,2,54,1,156,22503.36972222222,0,98.75,-0.1111111111111111,857.1209943415638
358,1618,3,561.6899999999999,2,59,1,150,68787.90341666667,0,114.31000000000006,-0.15254237288135594,-976.4319677966103
358,1618,4,676.0,2,56,1,141,11178.417316666668,0,47.0,-0.125,248.4754518727729
358,1618,5,723.6099999999999,2,54,1,134,25093.04262154195,0,88.3900000000001,-0.3333333333333333,35.39361209792561
358,1618,6,812.25,2,51,1,116,27004.297674829933,0,81.75,-0.11764705882352941,20.473636277844516
358,1618,7,894.0099999999999,2,49,1,110,28048.453125000004,0,17.990000000000123,0.16326530612244897,82.31901087047062
360,261792,2,1.0,2,54,1,156,22503.36972222222,0,11.0,-0.1111111111111111,857.1209943415638
360,261792,3,12.96,2,59,1,150,68787.90341666667,0,5.039999999999999,-0.15254237288135594,-976.4319677966103
360,261792,4,18.49,2,56,1,141,11178.417316666668,0,-0.48999999999999844,-0.125,248.4754518727729
360,261792,5,18.49,2,54,1,134,25093.04262154195,0,-0.48999999999999844,-0.3333333333333333,35.39361209792561
361,45549,1,4.0,2,55,4,159,45818.241388888884,-1,2.0,-0.05454545454545454,-423.9067575757575
361,45549,2,6.25,2,54,3,156,22503.36972222222,0,3.75,-0.1111111111111111,857.1209943415638
361,45549,3,10.240000000000002,2,59,3,150,68787.90341666667,1,0.759999999999998,-0.15254237288135594,-976.4319677966103
361,45549,4,11.559999999999999,2,56,4,141,11178.417316666668,0,0.4400000000000013,-0.125,248.4754518727729
361,45549,5,12.25,2,54,4,134,25093.04262154195,-1,1.75,-0.3333333333333333,35.39361209792561
361,45549,6,14.44,2,51,3,116,27004.297674829933,0,0.5600000000000005,-0.11764705882352941,20.473636277844516
361,45549,7,15.209999999999999,2,49,3,110,28048.453125000004,-3,-15.209999999999999,0.16326530612244897,82.31901087047062
361,45559,1,4.0,2,55,4,159,45818.241388888884,-1,0.0,-0.05454545454545454,-423.9067575757575
361,45559,2,4.0,2,54,3,156,22503.36972222222,0,3.0,-0.1111111111111111,857.1209943415638
361,45559,3,7.290000000000001,2,59,3,150,68787.90341666667,1,-1.290000000000001,-0.15254237288135594,-976.4319677966103
361,45559,4,6.760000000000001,2,56,4,141,11178.417316666668,0,-0.7600000000000007,-0.125,248.4754518727729
361,45559,5,6.760000000000001,2,54,4,134,25093.04262154195,-4,-6.760000000000001,-0.3333333333333333,35.39361209792561
361,45568,1,1.0,2,55,4,159,45818.241388888884,-4,-1.0,-0.05454545454545454,-423.9067575757575
361,45649,1,4.0,2,55,4,159,45818.241388888884,-1,5.0,-0.05454545454545454,-423.9067575757575
361,45649,2,9.0,2,54,3,156,22503.36972222222,0,1.0,-0.1111111111111111,857.1209943415638
361,45649,3,10.889999999999999,2,59,3,150,68787.90341666667,1,1.1100000000000012,-0.15254237288135594,-976.4319677966103
361,45649,4,12.25,2,56,4,141,11178.417316666668,0,-0.25,-0.125,248.4754518727729
361,45649,5,12.25,2,54,4,134,25093.04262154195,-1,-0.25,-0.3333333333333333,35.39361209792561
361,45649,6,12.25,2,51,3,116,27004.297674829933,0,-0.25,-0.11764705882352941,20.473636277844516
361,45649,7,12.25,2,49,3,110,28048.453125000004,0,-0.25,0.16326530612244897,82.31901087047062
361,322177,4,1.6900000000000002,2,56,4,141,11178.417316666668,0,0.30999999999999983,-0.125,248.4754518727729
361,322177,5,2.25,2,54,4,134,25093.04262154195,-1,-1.25,-0.3333333333333333,35.39361209792561
361,322177,6,1.9599999999999997,2,51,3,116,27004.297674829933,0,-0.9599999999999997,-0.11764705882352941,20.473636277844516
361,322177,7,1.9599999999999997,2,49,3,110,28048.453125000004,0,1.0400000000000003,0.16326530612244897,82.31901087047062
362,45532,1,4.0,2,55,16,159,45818.241388888884,-2,0.0,-0.05454545454545454,-423.9067575757575
362,45532,2,4.0,2,54,14,156,22503.36972222222,-2,-2.0,-0.1111111111111111,857.1209943415638
362,45532,3,2.25,2,59,12,150,68787.90341666667,1,0.75,-0.15254237288135594,-976.4319677966103
362,45532,4,3.24,2,56,13,141,11178.417316666668,-2,0.7599999999999998,-0.125,248.4754518727729
362,45532,5,4.0,2,54,11,134,25093.04262154195,0,0.0,-0.3333333333333333,35.39361209792561
362,45532,6,4.41,2,51,11,116,27004.297674829933,-3,-0.41000000000000014,-0.11764705882352941,20.473636277844516
362,45532,7,4.41,2,49,8,110,28048.453125000004,-2,1.5899999999999999,0.16326530612244897,82.31901087047062
362,45538,1,12.25,2,55,16,159,45818.241388888884,-16,-12.25,-0.05454545454545454,-423.9067575757575
362,45542,1,1.0,2,55,16,159,45818.241388888884,-16,-1.0,-0.05454545454545454,-423.9067575757575
362,45543,1,6.25,2,55,16,159,45818.241388888884,-2,-0.25,-0.05454545454545454,-423.9067575757575
362,45543,2,6.25,2,54,14,156,22503.36972222222,-14,-6.25,-0.1111111111111111,857.1209943415638
362,45545,1,1.0,2,55,16,159,45818.241388888884,-2,0.0,-0.05454545454545454,-423.9067575757575
362,45545,2,1.0,2,54,14,156,22503.36972222222,-14,-1.0,-0.1111111111111111,857.1209943415638
362,45553,1,56.25,2,55,16,159,45818.241388888884,-2,41.75,-0.05454545454545454,-423.9067575757575
362,45553,2,98.01,2,54,14,156,22503.36972222222,-2,3.989999999999995,-0.1111111111111111,857.1209943415638
362,45553,3,102.00999999999999,2,59,12,150,68787.90341666667,1,60.99000000000001,-0.15254237288135594,-976.4319677966103
362,45553,4,163.84000000000003,2,56,13,141,11178.417316666668,-2,82.15999999999997,-0.125,248.4754518727729
362,45553,5,246.48999999999998,2,54,11,134,25093.04262154195,0,69.51000000000002,-0.3333333333333333,35.39361209792561
362,45553,6,316.84000000000003,2,51,11,116,27004.297674829933,-3,44.15999999999997,-0.11764705882352941,20.473636277844516
362,45553,7,361.0,2,49,8,110,28048.453125000004,-2,101.0,0.16326530612244897,82.31901087047062
362,45561,1,4.0,2,55,16,159,45818.241388888884,-2,2.0,-0.05454545454545454,-423.9067575757575
362,45561,2,6.25,2,54,14,156,22503.36972222222,-2,21.75,-0.1111111111111111,857.1209943415638
362,45561,3,28.09,2,59,12,150,68787.90341666667,1,3.91,-0.15254237288135594,-976.4319677966103
362,45561,4,32.49,2,56,13,141,11178.417316666668,-2,0.509999999999998,-0.125,248.4754518727729
362,45561,5,33.64,2,54,11,134,25093.04262154195,0,3.3599999999999994,-0.3333333333333333,35.39361209792561
362,45561,6,37.209999999999994,2,51,11,116,27004.297674829933,-3,-7.209999999999994,-0.11764705882352941,20.473636277844516
362,45561,7,30.25,2,49,8,110,28048.453125000004,-2,-0.25,0.16326530612244897,82.31901087047062
362,45583,1,20.25,2,55,16,159,45818.241388888884,-2,9.75,-0.05454545454545454,-423.9067575757575
362,45583,2,30.25,2,54,14,156,22503.36972222222,-2,18.75,-0.1111111111111111,857.1209943415638
362,45583,3,49.0,2,59,12,150,68787.90341666667,1,19.0,-0.15254237288135594,-976.4319677966103
362,45583,4,68.89000000000001,2,56,13,141,11178.417316666668,-2,-0.8900000000000148,-0.125,248.4754518727729
362,45583,5,68.89000000000001,2,54,11,134,25093.04262154195,0,-3.890000000000015,-0.3333333333333333,35.39361209792561
362,45583,6,65.61,2,51,11,116,27004.297674829933,-11,-65.61,-0.11764705882352941,20.473636277844516
362,45597,1,30.25,2,55,16,159,45818.241388888884,-2,6.75,-0.05454545454545454,-423.9067575757575
362,45597,2,37.209999999999994,2,54,14,156,22503.36972222222,-2,21.790000000000006,-0.1111111111111111,857.1209943415638
362,45597,3,59.290000000000006,2,59,12,150,68787.90341666667,1,4.709999999999994,-0.15254237288135594,-976.4319677966103
362,45597,4,64.0,2,56,13,141,11178.417316666668,-2,8.0,-0.125,248.4754518727729
362,45597,5,72.25,2,54,11,134,25093.04262154195,0,11.75,-0.3333333333333333,35.39361209792561
362,45597,6,84.63999999999999,2,51,11,116,27004.297674829933,-3,1.3600000000000136,-0.11764705882352941,20.473636277844516
362,45597,7,86.49000000000001,2,49,8,110,28048.453125000004,-2,31.50999999999999,0.16326530612244897,82.31901087047062
362,45603,1,20.25,2,55,16,159,45818.241388888884,-2,4.75,-0.05454545454545454,-423.9067575757575
362,45603,2,25.0,2,54,14,156,22503.36972222222,-2,25.0,-0.1111111111111111,857.1209943415638
362,45603,3,50.41,2,59,12,150,68787.90341666667,1,3.5900000000000034,-0.15254237288135594,-976.4319677966103
362,45603,4,54.760000000000005,2,56,13,141,11178.417316666668,-2,18.239999999999995,-0.125,248.4754518727729
362,45603,5,73.96,2,54,11,134,25093.04262154195,0,58.040000000000006,-0.3333333333333333,35.39361209792561
362,45603,6,132.25,2,51,11,116,27004.297674829933,-3,33.75,-0.11764705882352941,20.473636277844516
362,45603,7,166.41,2,49,8,110,28048.453125000004,-8,-166.41,0.16326530612244897,82.31901087047062
362,45606,1,2.25,2,55,16,159,45818.241388888884,-2,1.75,-0.05454545454545454,-423.9067575757575
362,45606,2,4.0,2,54,14,156,22503.36972222222,-2,17.0,-0.1111111111111111,857.1209943415638
362,45606,3,21.159999999999997,2,59,12,150,68787.90341666667,1,3.8400000000000034,-0.15254237288135594,-976.4319677966103
362,45606,4,25.0,2,56,13,141,11178.417316666668,-2,0.0,-0.125,248.4754518727729
362,45606,5,25.0,2,54,11,134,25093.04262154195,-11,-25.0,-0.3333333333333333,35.39361209792561
362,45621,1,2.25,2,55,16,159,45818.241388888884,-2,-0.25,-0.05454545454545454,-423.9067575757575
362,45621,2,2.25,2,54,14,156,22503.36972222222,-2,2.75,-0.1111111111111111,857.1209943415638
362,45621,3,5.289999999999999,2,59,12,150,68787.90341666667,1,-0.28999999999999915,-0.15254237288135594,-976.4319677966103
362,45621,4,5.289999999999999,2,56,13,141,11178.417316666668,-13,-5.289999999999999,-0.125,248.4754518727729
362,45625,1,1.0,2,55,16,159,45818.241388888884,-2,0.0,-0.05454545454545454,-423.9067575757575
362,45625,2,1.0,2,54,14,156,22503.36972222222,-2,0.0,-0.1111111111111111,857.1209943415638
362,45625,3,1.9599999999999997,2,59,12,150,68787.90341666667,1,-0.9599999999999997,-0.15254237288135594,-976.4319677966103
362,45625,4,1.44,2,56,13,141,11178.417316666668,-13,-1.44,-0.125,248.4754518727729
362,45625,6,1.44,2,51,11,116,27004.297674829933,-11,-1.44,-0.11764705882352941,20.473636277844516
362,45631,1,2.25,2,55,16,159,45818.241388888884,-2,0.75,-0.05454545454545454,-423.9067575757575
362,45631,2,3.0625,2,54,14,156,22503.36972222222,-2,15.9375,-0.1111111111111111,857.1209943415638
362,45631,3,19.360000000000003,2,59,12,150,68787.90341666667,1,4.639999999999997,-0.15254237288135594,-976.4319677966103
362,45631,4,24.010000000000005,2,56,13,141,11178.417316666668,-2,1.9899999999999949,-0.125,248.4754518727729
362,45631,5,26.009999999999998,2,54,11,134,25093.04262154195,0,4.990000000000002,-0.3333333333333333,35.39361209792561
362,45631,6,31.359999999999996,2,51,11,116,27004.297674829933,-3,-0.3599999999999959,-0.11764705882352941,20.473636277844516
362,45631,7,31.359999999999996,2,49,8,110,28048.453125000004,-2,2.640000000000004,0.16326530612244897,82.31901087047062
362,45634,1,64.0,2,55,16,159,45818.241388888884,-2,20.0,-0.05454545454545454,-423.9067575757575
362,45634,2,84.63999999999999,2,54,14,156,22503.36972222222,-2,17.360000000000014,-0.1111111111111111,857.1209943415638
362,45634,3,102.00999999999999,2,59,12,150,68787.90341666667,1,29.99000000000001,-0.15254237288135594,-976.4319677966103
362,45634,4,132.25,2,56,13,141,11178.417316666668,-2,86.75,-0.125,248.4754518727729
362,45634,5,219.04000000000002,2,54,11,134,25093.04262154195,0,65.95999999999998,-0.3333333333333333,35.39361209792561
362,45634,6,285.60999999999996,2,51,11,116,27004.297674829933,-3,6.390000000000043,-0.11764705882352941,20.473636277844516
362,45634,7,292.41,2,49,8,110,28048.453125000004,-8,-292.41,0.16326530612244897,82.31901087047062
362,47724,1,4.0,2,55,16,159,45818.241388888884,-2,0.0,-0.05454545454545454,-423.9067575757575
362,47724,2,4.0,2,54,14,156,22503.36972222222,-2,5.0,-0.1111111111111111,857.1209943415638
362,47724,3,9.610000000000001,2,59,12,150,68787.90341666667,1,-0.6100000000000012,-0.15254237288135594,-976.4319677966103
362,47724,4,9.610000000000001,2,56,13,141,11178.417316666668,-2,0.3899999999999988,-0.125,248.4754518727729
362,47724,5,10.240000000000002,2,54,11,134,25093.04262154195,0,-0.240000000000002,-0.3333333333333333,35.39361209792561
362,47724,6,10.240000000000002,2,51,11,116,27004.297674829933,-3,1.759999999999998,-0.11764705882352941,20.473636277844516
362,47724,7,12.96,2,49,8,110,28048.453125000004,-2,-11.96,0.16326530612244897,82.31901087047062
362,322181,4,1.2100000000000002,2,56,13,141,11178.417316666668,-2,-0.2100000000000002,-0.125,248.4754518727729
362,322181,5,1.44,2,54,11,134,25093.04262154195,0,-0.43999999999999995,-0.3333333333333333,35.39361209792561
362,322181,6,1.2100000000000002,2,51,11,116,27004.297674829933,-11,-1.2100000000000002,-0.11764705882352941,20.473636277844516
762,45552,1,4.0,2,55,3,159,45818.241388888884,0,0.0,-0.05454545454545454,-423.9067575757575
762,45552,2,4.0,2,54,3,156,22503.36972222222,1,1.0,-0.1111111111111111,857.1209943415638
762,45552,3,5.289999999999999,2,59,4,150,68787.90341666667,0,-0.28999999999999915,-0.15254237288135594,-976.4319677966103
762,45552,4,5.289999999999999,2,56,4,141,11178.417316666668,0,-0.28999999999999915,-0.125,248.4754518727729
762,45552,5,5.289999999999999,2,54,4,134,25093.04262154195,-4,-5.289999999999999,-0.3333333333333333,35.39361209792561
762,45637,1,2.25,2,55,3,159,45818.241388888884,0,-0.25,-0.05454545454545454,-423.9067575757575
762,45637,2,2.25,2,54,3,156,22503.36972222222,1,3.75,-0.1111111111111111,857.1209943415638
762,45637,3,6.25,2,59,4,150,68787.90341666667,0,0.75,-0.15254237288135594,-976.4319677966103
762,45637,4,7.290000000000001,2,56,4,141,11178.417316666668,0,-0.2900000000000009,-0.125,248.4754518727729
762,45637,5,7.290000000000001,2,54,4,134,25093.04262154195,-1,-0.2900000000000009,-0.3333333333333333,35.39361209792561
762,45637,6,7.839999999999999,2,51,3,116,27004.297674829933,-1,-0.839999999999999,-0.11764705882352941,20.473636277844516
762,45637,7,7.839999999999999,2,49,2,110,28048.453125000004,-2,-7.839999999999999,0.16326530612244897,82.31901087047062
762,45662,1,36.0,2,55,3,159,45818.241388888884,0,10.0,-0.05454545454545454,-423.9067575757575
762,45662,2,46.239999999999995,2,54,3,156,22503.36972222222,1,6.760000000000005,-0.1111111111111111,857.1209943415638
762,45662,3,53.29,2,59,4,150,68787.90341666667,0,0.7100000000000009,-0.15254237288135594,-976.4319677966103
762,45662,4,54.760000000000005,2,56,4,141,11178.417316666668,0,10.239999999999995,-0.125,248.4754518727729
762,45662,5,65.61,2,54,4,134,25093.04262154195,-1,13.39,-0.3333333333333333,35.39361209792561
762,45662,6,79.21000000000001,2,51,3,116,27004.297674829933,-3,-79.21000000000001,-0.11764705882352941,20.473636277844516
762,298154,3,1.44,2,59,4,150,68787.90341666667,0,0.56,-0.15254237288135594,-976.4319677966103
762,298154,4,2.4025000000000003,2,56,4,141,11178.417316666668,0,1.5974999999999997,-0.125,248.4754518727729
762,298154,5,4.2025,2,54,4,134,25093.04262154195,-1,1.7975000000000003,-0.3333333333333333,35.39361209792561
762,298154,6,6.002500000000001,2,51,3,116,27004.297674829933,-1,3.9974999999999987,-0.11764705882352941,20.473636277844516
762,298154,7,10.889999999999999,2,49,2,110,28048.453125000004,-1,3.110000000000001,0.16326530612244897,82.31901087047062
771,45566,1,1.0,1,55,3,159,45818.241388888884,2,0.0,-0.05454545454545454,-423.9067575757575
771,45566,2,1.0,1,54,5,156,22503.36972222222,-5,-1.0,-0.1111111111111111,857.1209943415638
771,45635,1,1.0,1,55,3,159,45818.241388888884,2,0.0,-0.05454545454545454,-423.9067575757575
771,45635,2,1.0,1,54,5,156,22503.36972222222,-3,2.0,-0.1111111111111111,857.1209943415638
771,45636,1,1.0,1,55,3,159,45818.241388888884,2,0.0,-0.05454545454545454,-423.9067575757575
771,45636,2,1.3611111111111107,1,54,5,156,22503.36972222222,-3,-0.3611111111111107,-0.1111111111111111,857.1209943415638
771,261793,2,1.0,1,54,5,156,22503.36972222222,-5,-1.0,-0.1111111111111111,857.1209943415638
771,261794,2,1.0,1,54,5,156,22503.36972222222,-5,-1.0,-0.1111111111111111,857.1209943415638
326,261791,2,1.0,2,54,1,156,22503.36972222222,0,0.0,-0.1111111111111111,857.1209943415638
326,261791,3,1.9599999999999997,2,59,1,150,68787.90341666667,0,0.04000000000000026,-0.15254237288135594,-976.4319677966103
326,261791,4,2.25,2,56,1,141,11178.417316666668,1,-0.25,-0.125,248.4754518727729
326,261791,5,2.25,2,54,2,134,25093.04262154195,-2,-2.25,-0.3333333333333333,35.39361209792561
326,340966,5,1.0,2,54,2,134,25093.04262154195,-1,0.0,-0.3333333333333333,35.39361209792561
326,340966,6,1.2100000000000002,2,51,1,116,27004.297674829933,0,-0.2100000000000002,-0.11764705882352941,20.473636277844516
326,340966,7,1.2100000000000002,2,49,1,110,28048.453125000004,0,-0.2100000000000002,0.16326530612244897,82.31901087047062
172,45569,1,12.25,2,55,1,159,45818.241388888884,1,-0.25,-0.05454545454545454,-423.9067575757575
172,45569,2,12.25,2,54,2,156,22503.36972222222,0,30.75,-0.1111111111111111,857.1209943415638
172,45569,3,43.559999999999995,2,59,2,150,68787.90341666667,0,10.440000000000005,-0.15254237288135594,-976.4319677966103
172,45569,4,54.760000000000005,2,56,2,141,11178.417316666668,0,4.239999999999995,-0.125,248.4754518727729
172,45569,5,59.290000000000006,2,54,2,134,25093.04262154195,0,2.7099999999999937,-0.3333333333333333,35.39361209792561
172,45569,6,62.410000000000004,2,51,2,116,27004.297674829933,-1,5.589999999999996,-0.11764705882352941,20.473636277844516
172,45569,7,68.89000000000001,2,49,1,110,28048.453125000004,0,12.109999999999985,0.16326530612244897,82.31901087047062
172,261800,2,1.0,2,54,2,156,22503.36972222222,0,1.0,-0.1111111111111111,857.1209943415638
172,261800,3,2.8899999999999997,2,59,2,150,68787.90341666667,0,3.1100000000000003,-0.15254237288135594,-976.4319677966103
172,261800,4,6.760000000000001,2,56,2,141,11178.417316666668,0,-0.7600000000000007,-0.125,248.4754518727729
172,261800,5,6.760000000000001,2,54,2,134,25093.04262154195,0,0.23999999999999932,-0.3333333333333333,35.39361209792561
172,261800,6,7.290000000000001,2,51,2,116,27004.297674829933,-2,-7.290000000000001,-0.11764705882352941,20.473636277844516
33,45615,1,1.0,2,55,1,159,45818.241388888884,0,0.0,-0.05454545454545454,-423.9067575757575
33,45615,2,1.0,2,54,1,156,22503.36972222222,0,0.0,-0.1111111111111111,857.1209943415638
33,45615,3,1.2100000000000002,2,59,1,150,68787.90341666667,0,-0.2100000000000002,-0.15254237288135594,-976.4319677966103
33,45615,4,1.2100000000000002,2,56,1,141,11178.417316666668,0,-0.2100000000000002,-0.125,248.4754518727729
33,45615,5,1.2100000000000002,2,54,1,134,25093.04262154195,0,-0.2100000000000002,-0.3333333333333333,35.39361209792561
33,476185,7,1.0,2,49,2,110,28048.453125000004,0,0.0,0.16326530612244897,82.31901087047062
33,476186,7,1.0,2,49,2,110,28048.453125000004,0,0.0,0.16326530612244897,82.31901087047062
379,45524,1,72.25,2,55,7,159,45818.241388888884,0,9.75,-0.05454545454545454,-423.9067575757575
379,45524,2,82.80999999999999,2,54,7,156,22503.36972222222,1,33.19000000000001,-0.1111111111111111,857.1209943415638
379,45524,3,116.64000000000001,2,59,8,150,68787.90341666667,-1,12.359999999999985,-0.15254237288135594,-976.4319677966103
379,45524,4,129.96,2,56,7,141,11178.417316666668,1,-0.960000000000008,-0.125,248.4754518727729
379,45524,5,129.96,2,54,8,134,25093.04262154195,0,2.039999999999992,-0.3333333333333333,35.39361209792561
379,45524,6,132.25,2,51,8,116,27004.297674829933,0,1.75,-0.11764705882352941,20.473636277844516
379,45524,7,134.56,2,49,8,110,28048.453125000004,0,1.4399999999999977,0.16326530612244897,82.31901087047062
379,45580,1,16.0,2,55,7,159,45818.241388888884,0,4.0,-0.05454545454545454,-423.9067575757575
379,45580,2,20.25,2,54,7,156,22503.36972222222,1,-4.25,-0.1111111111111111,857.1209943415638
379,45580,3,16.81,2,59,8,150,68787.90341666667,-8,-16.81,-0.15254237288135594,-976.4319677966103
379,45588,1,16.0,2,55,7,159,45818.241388888884,0,4.0,-0.05454545454545454,-423.9067575757575
379,45588,2,20.25,2,54,7,156,22503.36972222222,1,25.75,-0.1111111111111111,857.1209943415638
379,45588,3,46.239999999999995,2,59,8,150,68787.90341666667,-1,4.760000000000005,-0.15254237288135594,-976.4319677966103
379,45588,4,51.84,2,56,7,141,11178.417316666668,1,4.159999999999997,-0.125,248.4754518727729
379,45588,5,56.25,2,54,8,134,25093.04262154195,0,-0.25,-0.3333333333333333,35.39361209792561
379,45588,6,56.25,2,51,8,116,27004.297674829933,0,-0.25,-0.11764705882352941,20.473636277844516
379,45588,7,56.25,2,49,8,110,28048.453125000004,0,-0.25,0.16326530612244897,82.31901087047062
379,45594,1,2.25,2,55,7,159,45818.241388888884,0,-0.25,-0.05454545454545454,-423.9067575757575
379,45594,2,2.25,2,54,7,156,22503.36972222222,1,-0.25,-0.1111111111111111,857.1209943415638
379,45594,3,2.4544444444444444,2,59,8,150,68787.90341666667,-1,-0.45444444444444443,-0.15254237288135594,-976.4319677966103
379,45594,4,2.5600000000000005,2,56,7,141,11178.417316666668,1,0.4399999999999995,-0.125,248.4754518727729
379,45594,5,3.4225000000000003,2,54,8,134,25093.04262154195,0,0.5774999999999997,-0.3333333333333333,35.39361209792561
379,45594,6,4.41,2,51,8,116,27004.297674829933,0,-0.41000000000000014,-0.11764705882352941,20.473636277844516
379,45594,7,4.840000000000001,2,49,8,110,28048.453125000004,0,14.16,0.16326530612244897,82.31901087047062
379,45600,1,42.25,2,55,7,159,45818.241388888884,0,120.75,-0.05454545454545454,-423.9067575757575
379,45600,2,163.84000000000003,2,54,7,156,22503.36972222222,1,5.159999999999968,-0.1111111111111111,857.1209943415638
379,45600,3,169.0,2,59,8,150,68787.90341666667,-1,44.0,-0.15254237288135594,-976.4319677966103
379,45600,4,213.16,2,56,7,141,11178.417316666668,1,2.8400000000000034,-0.125,248.4754518727729
379,45600,5,216.08999999999997,2,54,8,134,25093.04262154195,0,20.910000000000025,-0.3333333333333333,35.39361209792561
379,45600,6,237.16000000000003,2,51,8,116,27004.297674829933,0,30.839999999999975,-0.11764705882352941,20.473636277844516
379,45600,7,268.96,2,49,8,110,28048.453125000004,0,58.04000000000002,0.16326530612244897,82.31901087047062
379,45618,1,7.5625,2,55,7,159,45818.241388888884,0,8.4375,-0.05454545454545454,-423.9067575757575
379,45618,2,16.0,2,54,7,156,22503.36972222222,1,18.0,-0.1111111111111111,857.1209943415638
379,45618,3,34.81,2,59,8,150,68787.90341666667,-1,8.189999999999998,-0.15254237288135594,-976.4319677966103
379,45618,4,43.559999999999995,2,56,7,141,11178.417316666668,1,10.440000000000005,-0.125,248.4754518727729
379,45618,5,54.760000000000005,2,54,8,134,25093.04262154195,0,7.239999999999995,-0.3333333333333333,35.39361209792561
379,45618,6,62.410000000000004,2,51,8,116,27004.297674829933,0,1.5899999999999963,-0.11764705882352941,20.473636277844516
379,45618,7,64.0,2,49,8,110,28048.453125000004,0,18.0,0.16326530612244897,82.31901087047062
379,45626,1,2.25,2,55,7,159,45818.241388888884,0,1.75,-0.05454545454545454,-423.9067575757575
379,45626,2,4.0,2,54,7,156,22503.36972222222,1,-1.0,-0.1111111111111111,857.1209943415638
379,45626,3,3.8024999999999998,2,59,8,150,68787.90341666667,-1,2.1975000000000002,-0.15254237288135594,-976.4319677966103
379,45626,4,6.25,2,56,7,141,11178.417316666668,1,12.75,-0.125,248.4754518727729
379,45626,5,19.360000000000003,2,54,8,134,25093.04262154195,0,7.639999999999997,-0.3333333333333333,35.39361209792561
379,45626,6,27.040000000000003,2,51,8,116,27004.297674829933,0,3.9599999999999973,-0.11764705882352941,20.473636277844516
379,45626,7,31.359999999999996,2,49,8,110,28048.453125000004,0,12.640000000000004,0.16326530612244897,82.31901087047062
379,298124,3,2.25,2,59,8,150,68787.90341666667,-1,-0.25,-0.15254237288135594,-976.4319677966103
379,298124,4,2.8899999999999997,2,56,7,141,11178.417316666668,1,0.11000000000000032,-0.125,248.4754518727729
379,298124,5,3.24,2,54,8,134,25093.04262154195,0,-0.2400000000000002,-0.3333333333333333,35.39361209792561
379,298124,6,3.24,2,51,8,116,27004.297674829933,0,-0.2400000000000002,-0.11764705882352941,20.473636277844516
379,298124,7,3.24,2,49,8,110,28048.453125000004,0,1.7599999999999998,0.16326530612244897,82.31901087047062
379,340967,5,1.6900000000000002,2,54,8,134,25093.04262154195,0,0.30999999999999983,-0.3333333333333333,35.39361209792561
379,340967,6,2.8899999999999997,2,51,8,116,27004.297674829933,0,-0.8899999999999997,-0.11764705882352941,20.473636277844516
379,340967,7,2.8899999999999997,2,49,8,110,28048.453125000004,0,0.11000000000000032,0.16326530612244897,82.31901087047062
738,298153,3,1.2100000000000002,1,59,1,150,68787.90341666667,0,7.79,-0.15254237288135594,-976.4319677966103
738,298153,4,9.610000000000001,1,56,1,141,11178.417316666668,0,2.389999999999999,-0.125,248.4754518727729
750,45616,1,20.25,3,55,1,159,45818.241388888884,0,-0.25,-0.05454545454545454,-423.9067575757575
750,45616,2,20.25,3,54,1,156,22503.36972222222,0,9.75,-0.1111111111111111,857.1209943415638
750,45616,3,30.25,3,59,1,150,68787.90341666667,0,-1.25,-0.15254237288135594,-976.4319677966103
158,45525,1,90.25,2,55,1,159,45818.241388888884,0,13.75,-0.05454545454545454,-423.9067575757575
158,45525,2,104.03999999999999,2,54,1,156,22503.36972222222,0,-49.03999999999999,-0.1111111111111111,857.1209943415638
158,45525,3,55.502500000000005,2,59,1,150,68787.90341666667,0,-26.502500000000005,-0.15254237288135594,-976.4319677966103
158,45525,4,29.521111111111114,2,56,1,141,11178.417316666668,0,0.4788888888888856,-0.125,248.4754518727729
158,45525,5,30.25,2,54,1,134,25093.04262154195,0,29.75,-0.3333333333333333,35.39361209792561
158,45525,6,60.0625,2,51,1,116,27004.297674829933,0,-3.0625,-0.11764705882352941,20.473636277844516
158,45525,7,57.76,2,49,1,110,28048.453125000004,0,-46.76,0.16326530612244897,82.31901087047062
465,45612,1,49.0,2,55,4,159,45818.241388888884,-4,-49.0,-0.05454545454545454,-423.9067575757575
465,45650,1,36.0,2,55,4,159,45818.241388888884,-4,-36.0,-0.05454545454545454,-423.9067575757575
465,45652,1,90.25,2,55,4,159,45818.241388888884,-2,-0.25,-0.05454545454545454,-423.9067575757575
465,45652,2,90.25,2,54,2,156,22503.36972222222,0,7.75,-0.1111111111111111,857.1209943415638
465,45657,1,81.0,2,55,4,159,45818.241388888884,-2,0.0,-0.05454545454545454,-423.9067575757575
465,45657,2,81.0,2,54,2,156,22503.36972222222,0,11.0,-0.1111111111111111,857.1209943415638
1120,48440,1,1.0,2,55,1,159,45818.241388888884,0,0.0,-0.05454545454545454,-423.9067575757575
1120,48440,2,1.0,2,54,1,156,22503.36972222222,0,1.0,-0.1111111111111111,857.1209943415638
1120,48440,3,2.1025,2,59,1,150,68787.90341666667,0,-0.10250000000000004,-0.15254237288135594,-976.4319677966103
1120,48440,4,2.25,2,56,1,141,11178.417316666668,0,-0.25,-0.125,248.4754518727729
1120,48440,5,2.5600000000000005,2,54,1,134,25093.04262154195,0,-0.5600000000000005,-0.3333333333333333,35.39361209792561
1120,48440,6,2.8899999999999997,2,51,1,116,27004.297674829933,0,-0.8899999999999997,-0.11764705882352941,20.473636277844516
1120,48440,7,2.8899999999999997,2,49,1,110,28048.453125000004,0,-1.8899999999999997,0.16326530612244897,82.31901087047062
998,45550,1,6.25,3,55,3,159,45818.241388888884,0,-0.25,-0.05454545454545454,-423.9067575757575
998,45550,2,6.25,3,54,3,156,22503.36972222222,-3,-6.25,-0.1111111111111111,857.1209943415638
998,45550,4,5.76,3,56,2,141,11178.417316666668,0,-0.7599999999999998,-0.125,248.4754518727729
998,45550,5,5.76,3,54,2,134,25093.04262154195,0,0.2400000000000002,-0.3333333333333333,35.39361209792561
998,45550,6,6.760000000000001,3,51,2,116,27004.297674829933,0,0.23999999999999932,-0.11764705882352941,20.473636277844516
998,45550,7,7.290000000000001,3,49,2,110,28048.453125000004,0,0.7099999999999991,0.16326530612244897,82.31901087047062
998,45573,1,12.25,3,55,3,159,45818.241388888884,0,-0.25,-0.05454545454545454,-423.9067575757575
998,45573,2,12.25,3,54,3,156,22503.36972222222,-3,-12.25,-0.1111111111111111,857.1209943415638
998,45641,1,4.0,3,55,3,159,45818.241388888884,0,2.0,-0.05454545454545454,-423.9067575757575
998,45641,2,6.25,3,54,3,156,22503.36972222222,-2,5.75,-0.1111111111111111,857.1209943415638
998,45641,3,12.96,3,59,1,150,68787.90341666667,1,-0.9600000000000009,-0.15254237288135594,-976.4319677966103
998,45641,4,12.25,3,56,2,141,11178.417316666668,0,-0.25,-0.125,248.4754518727729
998,45641,5,12.96,3,54,2,134,25093.04262154195,0,2.039999999999999,-0.3333333333333333,35.39361209792561
998,45641,6,15.209999999999999,3,51,2,116,27004.297674829933,0,-0.20999999999999908,-0.11764705882352941,20.473636277844516
998,45641,7,15.209999999999999,3,49,2,110,28048.453125000004,0,0.7900000000000009,0.16326530612244897,82.31901087047062
1155,45562,1,1.0,2,55,2,159,45818.241388888884,0,0.0,-0.05454545454545454,-423.9067575757575
1155,45562,2,1.0,2,54,2,156,22503.36972222222,1,0.0,-0.1111111111111111,857.1209943415638
1155,45562,3,1.44,2,59,3,150,68787.90341666667,0,0.56,-0.15254237288135594,-976.4319677966103
1155,45562,4,2.25,2,56,3,141,11178.417316666668,0,-1.25,-0.125,248.4754518727729
1155,45562,5,1.9599999999999997,2,54,3,134,25093.04262154195,-3,-1.9599999999999997,-0.3333333333333333,35.39361209792561
1155,45633,1,1.0,2,55,2,159,45818.241388888884,0,0.0,-0.05454545454545454,-423.9067575757575
1155,45633,2,1.0,2,54,2,156,22503.36972222222,1,3.0,-0.1111111111111111,857.1209943415638
1155,45633,3,4.840000000000001,2,59,3,150,68787.90341666667,0,1.1599999999999993,-0.15254237288135594,-976.4319677966103
1155,45633,4,6.760000000000001,2,56,3,141,11178.417316666668,0,-0.7600000000000007,-0.125,248.4754518727729
1155,45633,5,6.760000000000001,2,54,3,134,25093.04262154195,-2,1.2399999999999993,-0.3333333333333333,35.39361209792561
1155,45633,6,8.41,2,51,1,116,27004.297674829933,0,0.5899999999999999,-0.11764705882352941,20.473636277844516
1155,45633,7,9.0,2,49,1,110,28048.453125000004,0,1.0,0.16326530612244897,82.31901087047062
1155,298142,3,1.2100000000000002,2,59,3,150,68787.90341666667,0,-0.2100000000000002,-0.15254237288135594,-976.4319677966103
1155,298142,4,1.44,2,56,3,141,11178.417316666668,-3,-1.44,-0.125,248.4754518727729
1155,334895,5,1.0,2,54,3,134,25093.04262154195,-3,-1.0,-0.3333333333333333,35.39361209792561
935,45565,1,9.0,2,55,2,159,45818.241388888884,0,3.0,-0.05454545454545454,-423.9067575757575
935,45565,2,12.25,2,54,2,156,22503.36972222222,-1,47.75,-0.1111111111111111,857.1209943415638
935,45565,3,60.839999999999996,2,59,1,150,68787.90341666667,0,25.160000000000004,-0.15254237288135594,-976.4319677966103
935,45565,4,86.49000000000001,2,56,1,141,11178.417316666668,0,1.509999999999991,-0.125,248.4754518727729
935,45565,5,88.36000000000001,2,54,1,134,25093.04262154195,0,1.6399999999999864,-0.3333333333333333,35.39361209792561
935,45565,6,90.25,2,51,1,116,27004.297674829933,0,9.75,-0.11764705882352941,20.473636277844516
935,45565,7,100.0,2,49,1,110,28048.453125000004,1,82.0,0.16326530612244897,82.31901087047062
935,45645,1,81.0,2,55,2,159,45818.241388888884,0,7.0,-0.05454545454545454,-423.9067575757575
935,45645,2,88.36000000000001,2,54,2,156,22503.36972222222,-2,-88.36000000000001,-0.1111111111111111,857.1209943415638
1576,45523,1,1.5625,4,55,25,159,45818.241388888884,0,0.4375,-0.05454545454545454,-423.9067575757575
1576,45523,2,2.25,4,54,25,156,22503.36972222222,0,-0.25,-0.1111111111111111,857.1209943415638
1576,45523,3,2.8899999999999997,4,59,25,150,68787.90341666667,-3,-0.8899999999999997,-0.15254237288135594,-976.4319677966103
1576,45523,4,2.8899999999999997,4,56,22,141,11178.417316666668,-3,0.11000000000000032,-0.125,248.4754518727729
1576,45523,5,3.24,4,54,19,134,25093.04262154195,-5,-0.2400000000000002,-0.3333333333333333,35.39361209792561
1576,45523,6,3.61,4,51,14,116,27004.297674829933,1,0.3900000000000001,-0.11764705882352941,20.473636277844516
1576,45523,7,4.0,4,49,15,110,28048.453125000004,-2,3.0,0.16326530612244897,82.31901087047062
1576,45527,1,3.0625,4,55,25,159,45818.241388888884,0,1.9375,-0.05454545454545454,-423.9067575757575
1576,45527,2,5.0625,4,54,25,156,22503.36972222222,0,1.9375,-0.1111111111111111,857.1209943415638
1576,45527,3,7.0225,4,59,25,150,68787.90341666667,-3,-0.022499999999999964,-0.15254237288135594,-976.4319677966103
1576,45527,4,7.290000000000001,4,56,22,141,11178.417316666668,-3,-0.2900000000000009,-0.125,248.4754518727729
1576,45527,5,7.839999999999999,4,54,19,134,25093.04262154195,-5,-3.839999999999999,-0.3333333333333333,35.39361209792561
1576,45527,6,4.987777777777778,4,51,14,116,27004.297674829933,1,0.012222222222222356,-0.11764705882352941,20.473636277844516
1576,45527,7,5.444444444444443,4,49,15,110,28048.453125000004,-2,3.555555555555557,0.16326530612244897,82.31901087047062
1576,45531,1,1.0,4,55,25,159,45818.241388888884,0,0.0,-0.05454545454545454,-423.9067575757575
1576,45531,2,1.0,4,54,25,156,22503.36972222222,-25,-1.0,-0.1111111111111111,857.1209943415638
1576,45539,1,33.0625,4,55,25,159,45818.241388888884,0,0.9375,-0.05454545454545454,-423.9067575757575
1576,45539,2,34.2225,4,54,25,156,22503.36972222222,0,42.7775,-0.1111111111111111,857.1209943415638
1576,45539,3,77.44000000000001,4,59,25,150,68787.90341666667,-25,-77.44000000000001,-0.15254237288135594,-976.4319677966103
1576,45540,1,4.0,4,55,25,159,45818.241388888884,0,2.0,-0.05454545454545454,-423.9067575757575
1576,45540,2,6.25,4,54,25,156,22503.36972222222,-25,-6.25,-0.1111111111111111,857.1209943415638
1576,45548,1,1.0,4,55,25,159,45818.241388888884,0,1.0,-0.05454545454545454,-423.9067575757575
1576,45548,2,2.25,4,54,25,156,22503.36972222222,0,-1.25,-0.1111111111111111,857.1209943415638
1576,45548,3,1.3224999999999998,4,59,25,150,68787.90341666667,-25,-1.3224999999999998,-0.15254237288135594,-976.4319677966103
1576,45548,5,1.9599999999999997,4,54,19,134,25093.04262154195,-19,-1.9599999999999997,-0.3333333333333333,35.39361209792561
1576,45548,7,1.0,4,49,15,110,28048.453125000004,-15,-1.0,0.16326530612244897,82.31901087047062
1576,45556,1,2.25,4,55,25,159,45818.241388888884,0,-0.25,-0.05454545454545454,-423.9067575757575
1576,45556,2,2.25,4,54,25,156,22503.36972222222,-25,-2.25,-0.1111111111111111,857.1209943415638
1576,45572,1,1.0,4,55,25,159,45818.241388888884,0,0.0,-0.05454545454545454,-423.9067575757575
1576,45572,2,1.0,4,54,25,156,22503.36972222222,-25,-1.0,-0.1111111111111111,857.1209943415638
1576,45579,1,2.25,4,55,25,159,45818.241388888884,-25,-2.25,-0.05454545454545454,-423.9067575757575
1576,45584,1,4.0,4,55,25,159,45818.241388888884,-25,-4.0,-0.05454545454545454,-423.9067575757575
1576,45593,1,14.0625,4,55,25,159,45818.241388888884,0,3.9375,-0.05454545454545454,-423.9067575757575
1576,45593,2,18.0625,4,54,25,156,22503.36972222222,0,-12.0625,-0.1111111111111111,857.1209943415638
1576,45593,3,6.375624999999999,4,59,25,150,68787.90341666667,-3,-5.375624999999999,-0.15254237288135594,-976.4319677966103
1576,45593,4,1.3224999999999998,4,56,22,141,11178.417316666668,-22,-1.3224999999999998,-0.125,248.4754518727729
1576,45595,1,1.0,4,55,25,159,45818.241388888884,0,0.0,-0.05454545454545454,-423.9067575757575
1576,45595,2,1.0,4,54,25,156,22503.36972222222,0,0.0,-0.1111111111111111,857.1209943415638
1576,45595,3,1.6900000000000002,4,59,25,150,68787.90341666667,-3,-0.6900000000000002,-0.15254237288135594,-976.4319677966103
1576,45595,4,1.6900000000000002,4,56,22,141,11178.417316666668,-3,-0.6900000000000002,-0.125,248.4754518727729
1576,45595,5,1.6900000000000002,4,54,19,134,25093.04262154195,-19,-1.6900000000000002,-0.3333333333333333,35.39361209792561
1576,45601,1,16.0,4,55,25,159,45818.241388888884,0,4.0,-0.05454545454545454,-423.9067575757575
1576,45601,2,20.25,4,54,25,156,22503.36972222222,-25,-20.25,-0.1111111111111111,857.1209943415638
1576,45602,1,1.5625,4,55,25,159,45818.241388888884,0,-0.5625,-0.05454545454545454,-423.9067575757575
1576,45602,2,1.5625,4,54,25,156,22503.36972222222,0,0.4375,-0.1111111111111111,857.1209943415638
1576,45602,3,2.5600000000000005,4,59,25,150,68787.90341666667,-25,-2.5600000000000005,-0.15254237288135594,-976.4319677966103
1576,45609,1,6.25,4,55,25,159,45818.241388888884,0,2.75,-0.05454545454545454,-423.9067575757575
1576,45609,2,9.0,4,54,25,156,22503.36972222222,-25,-9.0,-0.1111111111111111,857.1209943415638
1576,45609,4,3.61,4,56,22,141,11178.417316666668,-3,0.3900000000000001,-0.125,248.4754518727729
1576,45609,5,4.41,4,54,19,134,25093.04262154195,-5,-0.41000000000000014,-0.3333333333333333,35.39361209792561
1576,45609,6,4.6225,4,51,14,116,27004.297674829933,1,-0.6224999999999996,-0.11764705882352941,20.473636277844516
1576,45609,7,4.840000000000001,4,49,15,110,28048.453125000004,-2,3.1599999999999993,0.16326530612244897,82.31901087047062
1576,45617,1,6.25,4,55,25,159,45818.241388888884,0,-0.25,-0.05454545454545454,-423.9067575757575
1576,45617,2,6.25,4,54,25,156,22503.36972222222,0,2.75,-0.1111111111111111,857.1209943415638
1576,45617,3,9.610000000000001,4,59,25,150,68787.90341666667,-3,-0.6100000000000012,-0.15254237288135594,-976.4319677966103
1576,45617,4,9.0,4,56,22,141,11178.417316666668,-3,1.0,-0.125,248.4754518727729
1576,45617,5,10.240000000000002,4,54,19,134,25093.04262154195,-19,-10.240000000000002,-0.3333333333333333,35.39361209792561
1576,45627,1,12.25,4,55,25,159,45818.241388888884,0,-6.25,-0.05454545454545454,-423.9067575757575
1576,45627,2,6.25,4,54,25,156,22503.36972222222,0,-2.25,-0.1111111111111111,857.1209943415638
1576,45627,3,4.41,4,59,25,150,68787.90341666667,-25,-4.41,-0.15254237288135594,-976.4319677966103
1576,45639,1,1.0,4,55,25,159,45818.241388888884,0,0.0,-0.05454545454545454,-423.9067575757575
1576,45639,2,1.0,4,54,25,156,22503.36972222222,0,2.0,-0.1111111111111111,857.1209943415638
1576,45639,3,3.24,4,59,25,150,68787.90341666667,-3,-1.2400000000000002,-0.15254237288135594,-976.4319677966103
1576,45639,4,2.5600000000000005,4,56,22,141,11178.417316666668,-22,-2.5600000000000005,-0.125,248.4754518727729
1576,45642,1,16.0,4,55,25,159,45818.241388888884,-25,-16.0,-0.05454545454545454,-423.9067575757575
1576,45646,1,12.25,4,55,25,159,45818.241388888884,0,3.75,-0.05454545454545454,-423.9067575757575
1576,45646,2,16.0,4,54,25,156,22503.36972222222,0,9.0,-0.1111111111111111,857.1209943415638
1576,45646,3,25.0,4,59,25,150,68787.90341666667,-3,2.0,-0.15254237288135594,-976.4319677966103
1576,45646,4,27.040000000000003,4,56,22,141,11178.417316666668,-3,3.9599999999999973,-0.125,248.4754518727729
1576,45646,5,31.359999999999996,4,54,19,134,25093.04262154195,-5,-1.3599999999999959,-0.3333333333333333,35.39361209792561
1576,45646,6,30.25,4,51,14,116,27004.297674829933,1,0.75,-0.11764705882352941,20.473636277844516
1576,45646,7,31.359999999999996,4,49,15,110,28048.453125000004,-2,-1.3599999999999959,0.16326530612244897,82.31901087047062
1576,45651,1,6.25,4,55,25,159,45818.241388888884,0,-0.25,-0.05454545454545454,-423.9067575757575
1576,45651,2,6.25,4,54,25,156,22503.36972222222,0,2.75,-0.1111111111111111,857.1209943415638
1576,45651,3,9.0,4,59,25,150,68787.90341666667,-3,1.0,-0.15254237288135594,-976.4319677966103
1576,45651,4,10.889999999999999,4,56,22,141,11178.417316666668,-3,1.1100000000000012,-0.125,248.4754518727729
1576,45651,5,12.25,4,54,19,134,25093.04262154195,-5,2.75,-0.3333333333333333,35.39361209792561
1576,45651,6,15.209999999999999,4,51,14,116,27004.297674829933,-14,-15.209999999999999,-0.11764705882352941,20.473636277844516
1576,45654,1,1.0,4,55,25,159,45818.241388888884,0,0.0,-0.05454545454545454,-423.9067575757575
1576,45654,2,1.0,4,54,25,156,22503.36972222222,-25,-1.0,-0.1111111111111111,857.1209943415638
1576,45655,1,4.0,4,55,25,159,45818.241388888884,0,2.0,-0.05454545454545454,-423.9067575757575
1576,45655,2,6.25,4,54,25,156,22503.36972222222,0,3.75,-0.1111111111111111,857.1209943415638
1576,45655,3,10.889999999999999,4,59,25,150,68787.90341666667,-3,-0.8899999999999988,-0.15254237288135594,-976.4319677966103
1576,45655,4,10.889999999999999,4,56,22,141,11178.417316666668,-22,-10.889999999999999,-0.125,248.4754518727729
1576,45664,1,4.0,4,55,25,159,45818.241388888884,0,5.0,-0.05454545454545454,-423.9067575757575
1576,45664,2,9.0,4,54,25,156,22503.36972222222,-25,-9.0,-0.1111111111111111,857.1209943415638
1576,47725,1,2.25,4,55,25,159,45818.241388888884,0,-0.25,-0.05454545454545454,-423.9067575757575
1576,47725,2,2.25,4,54,25,156,22503.36972222222,0,3.75,-0.1111111111111111,857.1209943415638
1576,47725,3,6.25,4,59,25,150,68787.90341666667,-3,0.75,-0.15254237288135594,-976.4319677966103
1576,47725,4,7.290000000000001,4,56,22,141,11178.417316666668,-3,-0.2900000000000009,-0.125,248.4754518727729
1576,47725,5,7.290000000000001,4,54,19,134,25093.04262154195,-19,-7.290000000000001,-0.3333333333333333,35.39361209792561
1576,261797,2,1.0,4,54,25,156,22503.36972222222,0,0.0,-0.1111111111111111,857.1209943415638
1576,261797,3,1.44,4,59,25,150,68787.90341666667,-3,-0.43999999999999995,-0.15254237288135594,-976.4319677966103
1576,261797,4,1.44,4,56,22,141,11178.417316666668,-3,-0.43999999999999995,-0.125,248.4754518727729
1576,261797,5,1.9599999999999997,4,54,19,134,25093.04262154195,-5,-0.9599999999999997,-0.3333333333333333,35.39361209792561
1576,261797,6,1.9599999999999997,4,51,14,116,27004.297674829933,1,0.04000000000000026,-0.11764705882352941,20.473636277844516
1576,261797,7,2.25,4,49,15,110,28048.453125000004,-15,-2.25,0.16326530612244897,82.31901087047062
1576,261799,2,1.0,4,54,25,156,22503.36972222222,0,3.0,-0.1111111111111111,857.1209943415638
1576,261799,3,4.0,4,59,25,150,68787.90341666667,-3,0.0,-0.15254237288135594,-976.4319677966103
1576,261799,4,4.0,4,56,22,141,11178.417316666668,-3,-2.0,-0.125,248.4754518727729
1576,261799,5,2.7224999999999997,4,54,19,134,25093.04262154195,-19,-2.7224999999999997,-0.3333333333333333,35.39361209792561
1576,261799,7,2.5600000000000005,4,49,15,110,28048.453125000004,-2,0.4399999999999995,0.16326530612244897,82.31901087047062
1576,261801,2,1.0,4,54,25,156,22503.36972222222,0,3.0,-0.1111111111111111,857.1209943415638
1576,261801,3,4.41,4,59,25,150,68787.90341666667,-3,-0.41000000000000014,-0.15254237288135594,-976.4319677966103
1576,261801,4,4.0,4,56,22,141,11178.417316666668,-3,0.0,-0.125,248.4754518727729
1576,261801,5,4.0,4,54,19,134,25093.04262154195,-5,0.0,-0.3333333333333333,35.39361209792561
1576,261801,6,4.0,4,51,14,116,27004.297674829933,1,0.0,-0.11764705882352941,20.473636277844516
1576,261801,7,4.0,4,49,15,110,28048.453125000004,-2,0.0,0.16326530612244897,82.31901087047062
1576,298123,3,1.6900000000000002,4,59,25,150,68787.90341666667,-3,0.30999999999999983,-0.15254237288135594,-976.4319677966103
1576,298123,4,2.8899999999999997,4,56,22,141,11178.417316666668,-3,-0.8899999999999997,-0.125,248.4754518727729
1576,298123,5,2.8899999999999997,4,54,19,134,25093.04262154195,-5,-0.8899999999999997,-0.3333333333333333,35.39361209792561
1576,298123,6,2.5600000000000005,4,51,14,116,27004.297674829933,1,-1.5600000000000005,-0.11764705882352941,20.473636277844516
1576,298123,7,1.8225000000000002,4,49,15,110,28048.453125000004,-2,0.17749999999999977,0.16326530612244897,82.31901087047062
1576,298133,3,1.0,4,59,25,150,68787.90341666667,-3,0.0,-0.15254237288135594,-976.4319677966103
1576,298133,4,1.44,4,56,22,141,11178.417316666668,-3,1.56,-0.125,248.4754518727729
1576,298133,5,3.24,4,54,19,134,25093.04262154195,-19,-3.24,-0.3333333333333333,35.39361209792561
1576,298133,7,3.61,4,49,15,110,28048.453125000004,-2,-0.6099999999999999,0.16326530612244897,82.31901087047062
1576,298140,3,1.2100000000000002,4,59,25,150,68787.90341666667,-3,-0.2100000000000002,-0.15254237288135594,-976.4319677966103
1576,298140,4,1.2100000000000002,4,56,22,141,11178.417316666668,-3,-0.2100000000000002,-0.125,248.4754518727729
1576,298140,5,1.2100000000000002,4,54,19,134,25093.04262154195,-5,-0.2100000000000002,-0.3333333333333333,35.39361209792561
1576,298140,6,1.44,4,51,14,116,27004.297674829933,1,-0.43999999999999995,-0.11764705882352941,20.473636277844516
1576,298140,7,1.6900000000000002,4,49,15,110,28048.453125000004,-2,0.30999999999999983,0.16326530612244897,82.31901087047062
1576,298146,3,2.25,4,59,25,150,68787.90341666667,-3,-0.25,-0.15254237288135594,-976.4319677966103
1576,298146,4,2.8899999999999997,4,56,22,141,11178.417316666668,-3,1.1100000000000003,-0.125,248.4754518727729
1576,298146,5,4.840000000000001,4,54,19,134,25093.04262154195,-5,-0.8400000000000007,-0.3333333333333333,35.39361209792561
1576,298146,6,4.2025,4,51,14,116,27004.297674829933,1,-0.20249999999999968,-0.11764705882352941,20.473636277844516
1576,298146,7,4.2025,4,49,15,110,28048.453125000004,-2,0.7975000000000003,0.16326530612244897,82.31901087047062
1576,298147,3,1.6900000000000002,4,59,25,150,68787.90341666667,-3,0.30999999999999983,-0.15254237288135594,-976.4319677966103
1576,298147,4,2.8899999999999997,4,56,22,141,11178.417316666668,-3,-0.8899999999999997,-0.125,248.4754518727729
1576,298147,5,2.8899999999999997,4,54,19,134,25093.04262154195,-5,1.1100000000000003,-0.3333333333333333,35.39361209792561
1576,298147,6,4.0,4,51,14,116,27004.297674829933,1,0.0,-0.11764705882352941,20.473636277844516
1576,298147,7,4.0,4,49,15,110,28048.453125000004,-2,0.0,0.16326530612244897,82.31901087047062
1576,298149,3,1.44,4,59,25,150,68787.90341666667,-3,-0.43999999999999995,-0.15254237288135594,-976.4319677966103
1576,298149,4,1.2100000000000002,4,56,22,141,11178.417316666668,-3,-0.2100000000000002,-0.125,248.4754518727729
1576,298149,5,1.44,4,54,19,134,25093.04262154195,-5,-0.43999999999999995,-0.3333333333333333,35.39361209792561
1576,298149,6,1.44,4,51,14,116,27004.297674829933,-14,-1.44,-0.11764705882352941,20.473636277844516
1576,298151,3,1.9599999999999997,4,59,25,150,68787.90341666667,-3,-0.9599999999999997,-0.15254237288135594,-976.4319677966103
1576,298151,4,1.9599999999999997,4,56,22,141,11178.417316666668,-22,-1.9599999999999997,-0.125,248.4754518727729
1576,298152,3,1.44,4,59,25,150,68787.90341666667,-25,-1.44,-0.15254237288135594,-976.4319677966103
1576,298152,6,1.0,4,51,14,116,27004.297674829933,-14,-1.0,-0.11764705882352941,20.473636277844516
1576,322419,4,1.0,4,56,22,141,11178.417316666668,-3,0.0,-0.125,248.4754518727729
1576,322419,5,1.44,4,54,19,134,25093.04262154195,-5,-0.43999999999999995,-0.3333333333333333,35.39361209792561
1576,322419,6,1.6900000000000002,4,51,14,116,27004.297674829933,1,-0.6900000000000002,-0.11764705882352941,20.473636277844516
1576,322419,7,1.7777777777777781,4,49,15,110,28048.453125000004,-2,-0.7777777777777781,0.16326530612244897,82.31901087047062
1576,476188,7,1.44,4,49,15,110,28048.453125000004,-2,-0.43999999999999995,0.16326530612244897,82.31901087047062
895,45586,1,1.0,1,55,4,159,45818.241388888884,0,1.0,-0.05454545454545454,-423.9067575757575
895,45586,2,2.25,1,54,4,156,22503.36972222222,0,-0.25,-0.1111111111111111,857.1209943415638
895,45586,3,2.9583999999999997,1,59,4,150,68787.90341666667,-1,-0.9583999999999997,-0.15254237288135594,-976.4319677966103
895,45586,4,2.4025000000000003,1,56,3,141,11178.417316666668,0,0.5974999999999997,-0.125,248.4754518727729
895,45586,5,3.2916326530612245,1,54,3,134,25093.04262154195,-1,0.7083673469387755,-0.3333333333333333,35.39361209792561
895,45586,6,4.6944444444444455,1,51,2,116,27004.297674829933,0,-0.6944444444444455,-0.11764705882352941,20.473636277844516
895,45586,7,4.987777777777778,1,49,2,110,28048.453125000004,1,0.012222222222222356,0.16326530612244897,82.31901087047062
895,45610,1,4.0,1,55,4,159,45818.241388888884,0,0.0,-0.05454545454545454,-423.9067575757575
895,45610,2,4.0,1,54,4,156,22503.36972222222,-4,-4.0,-0.1111111111111111,857.1209943415638
895,45663,1,6.25,1,55,4,159,45818.241388888884,0,2.75,-0.05454545454545454,-423.9067575757575
895,45663,2,9.0,1,54,4,156,22503.36972222222,0,1.0,-0.1111111111111111,857.1209943415638
895,45663,3,10.240000000000002,1,59,4,150,68787.90341666667,-4,-10.240000000000002,-0.15254237288135594,-976.4319677966103
895,45665,1,1.0,1,55,4,159,45818.241388888884,-4,-1.0,-0.05454545454545454,-423.9067575757575
895,261803,2,1.0,1,54,4,156,22503.36972222222,0,1.0,-0.1111111111111111,857.1209943415638
895,261803,3,2.5600000000000005,1,59,4,150,68787.90341666667,-1,-0.5600000000000005,-0.15254237288135594,-976.4319677966103
895,261803,4,2.5600000000000005,1,56,3,141,11178.417316666668,0,-0.5600000000000005,-0.125,248.4754518727729
895,261803,5,2.8899999999999997,1,54,3,134,25093.04262154195,-1,0.11000000000000032,-0.3333333333333333,35.39361209792561
895,261803,6,3.61,1,51,2,116,27004.297674829933,0,0.3900000000000001,-0.11764705882352941,20.473636277844516
895,261803,7,4.0,1,49,2,110,28048.453125000004,1,0.0,0.16326530612244897,82.31901087047062
895,298134,3,1.44,1,59,4,150,68787.90341666667,-1,-0.43999999999999995,-0.15254237288135594,-976.4319677966103
895,298134,4,1.9599999999999997,1,56,3,141,11178.417316666668,0,0.04000000000000026,-0.125,248.4754518727729
895,298134,5,2.8899999999999997,1,54,3,134,25093.04262154195,-3,-2.8899999999999997,-0.3333333333333333,35.39361209792561
